No.,名前,陣営,ﾚｱ度,艦種,建造時間,耐久,装甲,装填,火力,雷装,回避,対空,航空,消費,速力,声優
1,汎用型ブリ,他,SR,駆逐,建造不可,210,軽,105,21,21,105,21,21,3,35,下田麻美
2,試作型ブリMKII,他,SSR,駆逐,建造不可,210,軽,105,21,21,105,21,21,3,35,下田麻美
5,カッシン,ﾕﾆｵﾝ,N,駆逐,0:23:00,1446,軽,165,66,248,156,146,0,7,44,春村奈々
6,ダウンズ,ﾕﾆｵﾝ,N,駆逐,0:23:00,1446,軽,165,66,248,156,146,0,7,44,新名彩乃
7,グリッドレイ,ﾕﾆｵﾝ,R,駆逐,0:25:00,1508,軽,175,63,396,157,151,0,8,46,篠原なるみ
8,クレイヴン,ﾕﾆｵﾝ,N,駆逐,0:25:00,1479,軽,171,62,387,157,149,0,7,46,新名彩乃
9,マッコール,ﾕﾆｵﾝ,N,駆逐,0:25:00,1436,軽,171,62,387,157,149,0,7,43,春村奈々
10,モーリー,ﾕﾆｵﾝ,SR,駆逐,0:25:00,1422,軽,180,66,406,179,155,0,9,43,小原好美
11,フレッチャー,ﾕﾆｵﾝ,R,駆逐,0:28:00,1746,軽,171,74,248,156,150,0,8,43,石見舞菜香
13,チャールズ・オースバーン,ﾕﾆｵﾝ,SR,駆逐,0:28:00,1776,軽,187,76,255,154,154,0,9,42,森田さつき
14,サッチャー,ﾕﾆｵﾝ,R,駆逐,0:28:00,1712,軽,182,74,248,154,150,0,8,42,根本流風
15,オーリック,ﾕﾆｵﾝ,N,駆逐,0:28:00,1679,軽,178,72,244,154,148,0,7,42,芳野由奈
16,フート,ﾕﾆｵﾝ,N,駆逐,0:28:00,1679,軽,171,72,244,154,148,0,7,42,芳野由奈
17,スペンス,ﾕﾆｵﾝ,N,駆逐,0:28:00,1679,軽,171,72,244,154,148,0,7,42,芳野由奈
18,ベンソン,ﾕﾆｵﾝ,R,駆逐,0:27:00,1521,軽,178,76,282,157,149,0,8,45,沼倉愛美
19,ラフィー,ﾕﾆｵﾝ,SR,駆逐,0:27:00,1650,軽,191,88,266,157,153,0,9,45,長縄まりあ
26,シムス,ﾕﾆｵﾝ,R,駆逐,0:24:00,1513,軽,177,70,251,154,149,0,8,42,小松未可子
27,ハムマン,ﾕﾆｵﾝ,R,駆逐,0:26:00,1513,軽,177,70,251,154,149,0,8,42,伊藤あすか
28,エルドリッジ,ﾕﾆｵﾝ,SSR,駆逐,建造不可,1433,軽,201,70,341,203,159,0,10,25,ささきのぞみ
29,オマハ,ﾕﾆｵﾝ,N,軽巡,1:05:00,2865,軽,158,123,180,79,246,0,8,35,木村珠莉
30,ローリー,ﾕﾆｵﾝ,N,軽巡,1:05:00,2865,軽,158,123,180,79,246,0,8,35,木村珠莉
31,ブルックリン,ﾕﾆｵﾝ,R,軽巡,1:15:00,3076,軽,157,142,0,73,270,0,9,33,Lynn
32,フェニックス,ﾕﾆｵﾝ,R,軽巡,1:15:00,3076,軽,157,142,0,73,270,0,9,33,Lynn
33,ヘレナ,ﾕﾆｵﾝ,SR,軽巡,1:15:00,3204,軽,161,149,0,73,279,0,10,33,中条智世
34,アトランタ,ﾕﾆｵﾝ,R,軽巡,1:10:00,3126,軽,156,112,137,72,380,0,9,33,荒浪和沙
35,ジュノー（軽巡）,ﾕﾆｵﾝ,R,軽巡,1:10:00,3126,軽,156,112,137,73,380,0,9,33,木村珠莉
36,サンディエゴ,ﾕﾆｵﾝ,SSR,軽巡,1:10:00,3338,軽,165,119,146,73,406,0,11,33,伊藤あすか
37,クリーブランド,ﾕﾆｵﾝ,SR,軽巡,1:25:00,3880,軽,164,144,0,77,285,0,10,33,堀籠沙耶
38,コロンビア,ﾕﾆｵﾝ,SR,軽巡,建造不可,3880,軽,163,146,0,77,285,0,10,33,堀籠沙耶
39,ペンサコーラ,ﾕﾆｵﾝ,N,重巡,1:20:00,2911,軽,139,202,0,23,172,0,9,26,石見舞菜香
40,ソルトレイクシティ,ﾕﾆｵﾝ,N,重巡,建造不可,2911,軽,139,202,0,23,172,0,9,26,石見舞菜香
41,ノーザンプトン,ﾕﾆｵﾝ,R,重巡,1:40:00,2962,軽,145,209,0,23,178,0,10,26,小泉喬生
42,シカゴ,ﾕﾆｵﾝ,R,重巡,1:40:00,3002,軽,145,209,0,23,178,0,10,26,根本流風
43,ヒューストン,ﾕﾆｵﾝ,SR,重巡,1:40:00,3049,軽,149,214,0,23,183,0,11,26,横田彩
44,ポートランド,ﾕﾆｵﾝ,R,重巡,1:50:00,4076,中,148,178,0,25,213,0,10,26,吉岡香織
45,インディアナポリス,ﾕﾆｵﾝ,SR,重巡,1:50:00,4227,中,152,183,0,25,219,0,11,26,横田彩
49,ウィチタ,ﾕﾆｵﾝ,SR,重巡,2:30:00,3297,軽,156,233,0,23,193,0,11,26,山本希望
52,ネバダ,ﾕﾆｵﾝ,N,戦艦,4:00:00,5960,重,115,338,0,11,175,0,12,20,内山夕実
53,オクラホマ,ﾕﾆｵﾝ,N,戦艦,4:00:00,5960,重,115,338,0,11,175,0,12,20,内山夕実
54,ペンシルベニア,ﾕﾆｵﾝ,R,戦艦,4:10:00,6165,重,116,349,0,11,185,0,13,21,山根希美
55,アリゾナ,ﾕﾆｵﾝ,SR,戦艦,4:10:00,6116,重,121,358,0,11,190,0,14,21,白壁爽子
58,テネシー,ﾕﾆｵﾝ,R,戦艦,4:20:00,6339,重,119,347,0,11,183,0,13,21,佐藤利奈
59,カリフォルニア,ﾕﾆｵﾝ,R,戦艦,4:20:00,6339,重,119,347,0,11,183,0,13,21,佐藤利奈
65,サウスダコタ,ﾕﾆｵﾝ,SSR,戦艦,建造不可,6953,重,138,379,0,18,368,0,15,27,黒沢ともよ
70,ロング・アイランド,ﾕﾆｵﾝ,R,軽空母,2:15:00,4044,中,158,0,0,39,224,246,10,16,吉田幸代
71,ボーグ,ﾕﾆｵﾝ,N,軽空母,2:20:00,3379,中,156,0,0,39,219,244,9,18,野方こはる
72,ラングレー,ﾕﾆｵﾝ,N,軽空母,2:00:00,3845,中,101,0,0,38,201,167,9,15,佳村はるか
73,レキシントン,ﾕﾆｵﾝ,SR,空母,3:40:00,6116,中,96,0,0,34,266,356,12,33,篠田みなみ
74,サラトガ,ﾕﾆｵﾝ,SR,空母,3:40:00,6116,中,96,0,0,34,266,356,12,33,上坂すみれ
75,レンジャー,ﾕﾆｵﾝ,N,軽空母,2:40:00,4120,中,113,0,0,49,216,209,9,29,浅川悠
76,ヨークタウン,ﾕﾆｵﾝ,SR,空母,4:20:00,5041,中,105,0,0,34,280,354,12,32,優木かな
77,エンタープライズ,ﾕﾆｵﾝ,SSR,空母,4:20:00,5385,中,115,0,0,49,291,394,13,32,石川由依
78,ホーネット,ﾕﾆｵﾝ,SR,空母,4:20:00,5063,中,105,0,0,34,270,360,12,32,山本希望
80,ヴェスタル,ﾕﾆｵﾝ,SR,工作,2:00:00,3986,軽,146,43,0,16,132,0,10,16,maia
81,アマゾン,ﾛｲﾔﾙ,R,駆逐,0:19:00,1142,軽,167,56,320,206,134,0,8,44,綾宮由希子
82,アカスタ,ﾛｲﾔﾙ,R,駆逐,建造不可,1142,軽,168,60,321,204,134,0,8,42,奥野香耶
83,アーデント,ﾛｲﾔﾙ,R,駆逐,建造不可,1142,軽,168,60,321,204,134,0,8,42,上倉万実
86,ビーグル,ﾛｲﾔﾙ,N,駆逐,0:20:00,1124,軽,165,57,315,203,130,0,7,42,鈴木絵理
87,ブルドッグ,ﾛｲﾔﾙ,N,駆逐,0:20:00,1124,軽,165,57,315,203,130,0,7,42,鈴木絵理
88,コメット,ﾛｲﾔﾙ,N,駆逐,0:21:00,1133,軽,165,59,311,204,131,0,7,43,鈴木みのり
89,クレセント,ﾛｲﾔﾙ,N,駆逐,0:21:00,1133,軽,165,59,311,204,131,0,7,43,鈴木みのり
90,シグニット,ﾛｲﾔﾙ,N,駆逐,0:21:00,1133,軽,165,59,310,204,131,0,7,43,種田梨沙
91,フォックスハウンド,ﾛｲﾔﾙ,N,駆逐,0:24:00,1144,軽,167,62,311,203,130,0,7,43,山岡ゆり
92,フォーチュン,ﾛｲﾔﾙ,R,駆逐,0:24:00,1168,軽,169,62,318,203,134,0,8,43,後藤邑子
94,グローウォーム,ﾛｲﾔﾙ,SR,駆逐,0:25:00,1177,軽,175,69,330,204,143,0,9,43,五十嵐裕美
101,ジャベリン,ﾛｲﾔﾙ,SR,駆逐,0:27:00,1318,軽,180,70,334,204,139,0,9,43,山根希美
102,ジュノー（駆逐）,ﾛｲﾔﾙ,R,駆逐,0:27:00,1280,軽,175,66,324,204,135,0,8,43,白壁爽子
103,ヴァンパイア,ﾛｲﾔﾙ,SR,駆逐,0:18:00,1095,軽,171,62,335,190,135,0,9,41,釘宮理恵
104,リアンダー,ﾛｲﾔﾙ,N,軽巡,1:15:00,2885,軽,149,127,236,77,284,0,8,33,木戸衣吹
105,アキリーズ,ﾛｲﾔﾙ,R,軽巡,1:15:00,2632,軽,152,142,286,73,259,0,9,33,山岡ゆり
106,エイジャックス,ﾛｲﾔﾙ,R,軽巡,1:15:00,2632,軽,152,142,286,73,259,0,9,33,中条智世
111,シェフィールド,ﾛｲﾔﾙ,SR,軽巡,1:25:00,3389,軽,159,135,248,76,311,0,10,32,小原好美
114,エディンバラ,ﾛｲﾔﾙ,SR,軽巡,1:25:00,4078,軽,153,137,245,76,276,0,10,32,後藤邑子
115,ベルファスト,ﾛｲﾔﾙ,SSR,軽巡,1:25:00,3544,軽,159,156,301,72,257,0,11,32,堀江由衣
116,アリシューザ,ﾛｲﾔﾙ,R,軽巡,1:20:00,2493,軽,162,135,236,76,286,0,9,32,諏訪彩花
117,ガラティア,ﾛｲﾔﾙ,R,軽巡,1:20:00,2493,軽,163,135,236,76,286,0,9,32,諏訪彩花
118,オーロラ,ﾛｲﾔﾙ,SR,軽巡,1:20:00,2568,軽,169,141,244,76,295,0,10,32,榊原ゆい
119,ロンドン,ﾛｲﾔﾙ,SR,重巡,1:30:00,3138,軽,144,194,194,22,185,0,11,26,向山直美
120,シュロップシャー,ﾛｲﾔﾙ,R,重巡,1:30:00,3050,軽,139,190,187,22,181,0,10,26,木戸衣吹
121,ケント,ﾛｲﾔﾙ,R,重巡,1:30:00,3090,軽,138,190,186,21,181,0,10,25,金元寿子
122,サフォーク,ﾛｲﾔﾙ,R,重巡,1:30:00,3074,軽,139,190,187,21,181,0,10,25,上原あかり
123,ノーフォーク,ﾛｲﾔﾙ,R,重巡,1:30:00,4126,中,139,154,123,24,210,0,10,25,佐久間ひろみ
124,ドーセットシャー,ﾛｲﾔﾙ,SR,重巡,1:30:00,4246,中,144,159,213,24,217,0,10,25,沼倉愛美
125,ヨーク,ﾛｲﾔﾙ,SR,重巡,1:45:00,3253,中,153,196,168,23,211,0,11,26,山根希美
126,エクセター,ﾛｲﾔﾙ,SR,重巡,1:45:00,3279,中,153,196,168,23,211,0,11,26,加隈亜衣
127,レナウン,ﾛｲﾔﾙ,SR,巡洋戦艦,4:10:00,5283,中,136,335,0,22,241,0,13,31,茅野愛衣
128,レパルス,ﾛｲﾔﾙ,R,巡洋戦艦,4:10:00,5134,中,133,315,0,20,234,0,12,32,野方こはる
129,フッド,ﾛｲﾔﾙ,SSR,巡洋戦艦,5:50:00,7677,中,138,312,0,22,285,0,14,31,田中敦子
130,クイーン・エリザベス,ﾛｲﾔﾙ,SR,戦艦,4:10:00,6464,重,126,368,0,15,185,0,14,24,上坂すみれ
131,ウォースパイト,ﾛｲﾔﾙ,SSR,戦艦,4:10:00,6710,重,138,396,0,15,191,0,15,24,上坂すみれ
132,ネルソン,ﾛｲﾔﾙ,SR,戦艦,4:40:00,6599,重,130,372,0,15,190,0,14,23,桑原由気
133,ロドニー,ﾛｲﾔﾙ,SR,戦艦,4:40:00,6577,重,130,372,0,13,190,0,14,23,大地葉
135,プリンス・オブ・ウェールズ,ﾛｲﾔﾙ,SSR,戦艦,4:50:00,6897,重,136,387,0,18,200,0,15,28,橋本ちなみ
136,デューク・オブ・ヨーク,ﾛｲﾔﾙ,SSR,戦艦,建造不可,6897,重,133,385,0,18,196,0,15,28,田中理恵
140,ハーミーズ,ﾛｲﾔﾙ,N,軽空母,2:10:00,3553,中,150,0,0,47,215,246,9,25,
142,ユニコーン,ﾛｲﾔﾙ,SR,軽空母,2:30:00,4601,中,157,0,0,46,234,270,11,24,加隈亜衣
144,アーク・ロイヤル,ﾛｲﾔﾙ,SR,空母,4:00:00,5311,中,102,0,0,33,270,358,12,31,伊藤あすか
145,イラストリアス,ﾛｲﾔﾙ,SSR,空母,4:30:00,5806,重,102,0,0,33,260,358,13,30,雨宮天
146,ヴィクトリアス,ﾛｲﾔﾙ,SSR,空母,4:30:00,5445,重,90,0,0,33,253,368,13,30,中村繪里子
148,グロリアス,ﾛｲﾔﾙ,SR,空母,3:50:00,5490,中,95,0,0,32,259,321,12,30,下屋則子
149,エレバス,ﾛｲﾔﾙ,SR,砲艦,1:00:00,3035,軽,126,247,0,28,149,0,10,12,堀籠沙耶
150,テラー,ﾛｲﾔﾙ,SR,砲艦,1:00:00,3035,軽,126,247,0,28,149,0,10,12,maia
151,吹雪,重桜,SR,駆逐,0:23:00,1498,軽,186,54,463,185,127,0,9,45,M・A・O
155,綾波,重桜,SR,駆逐,0:24:00,1498,軽,186,57,463,188,127,0,9,45,大地葉
159,暁,重桜,R,駆逐,建造不可,1457,軽,183,53,450,188,131,0,8,46,
161,雷,重桜,R,駆逐,建造不可,1456,軽,183,52,448,188,130,0,8,46,荒浪和沙
162,電,重桜,R,駆逐,建造不可,1456,軽,183,52,448,188,130,0,8,46,加藤英美里
163,白露,重桜,R,駆逐,建造不可,1427,軽,171,56,463,184,130,0,8,41,篠原なるみ
164,夕立,重桜,SSR,駆逐,建造不可,1524,軽,197,61,495,184,136,0,10,41,高森奈津美
165,時雨,重桜,SR,駆逐,建造不可,1469,軽,184,57,477,184,131,0,9,41,桑原由気
166,雪風,重桜,SSR,駆逐,0:27:00,1856,軽,193,61,476,185,132,0,10,42,優木かな
167,陽炎,重桜,R,駆逐,建造不可,1571,軽,175,56,466,186,130,0,8,43,
168,不知火,重桜,N,駆逐,建造不可,1540,軽,171,55,456,186,126,0,7,42,
170,野分,重桜,SR,駆逐,0:27:00,1788,軽,183,57,481,185,134,0,9,42,加藤英美里
171,初春,重桜,R,駆逐,建造不可,1477,軽,171,51,435,186,126,0,8,43,高野麻里佳
173,若葉,重桜,R,駆逐,建造不可,1477,軽,171,51,435,186,126,0,8,43,田中美海
175,有明,重桜,R,駆逐,建造不可,1470,軽,171,51,435,186,126,0,8,43,
176,夕暮,重桜,R,駆逐,0:25:00,1350,軽,171,51,435,187,126,0,8,45,朝日奈丸佳
177,黒潮,重桜,R,駆逐,0:27:00,1736,軽,173,55,461,185,130,0,8,42,大野柚布子
178,親潮,重桜,R,駆逐,0:27:00,1736,軽,173,55,461,185,130,0,8,42,大野柚布子
179,夕張,重桜,SR,軽巡,1:12:00,1909,軽,159,114,241,81,270,0,8,36,小倉唯
182,長良,重桜,N,軽巡,1:05:00,2547,軽,150,122,243,80,243,0,8,36,鬼頭明里
183,五十鈴,重桜,R,軽巡,建造不可,2844,軽,153,104,191,76,304,0,9,36,鬼頭明里
187,阿武隈,重桜,N,軽巡,建造不可,2547,軽,150,122,244,80,243,0,8,36,鬼頭明里
188,最上,重桜,SR,軽巡,1:48:00,3547,中,164,175,161,36,162,0,11,29,
189,三隈,重桜,SR,軽巡,建造不可,3547,中,164,175,163,36,162,0,11,29,
190,古鷹,重桜,N,重巡,建造不可,3043,中,142,187,165,33,140,0,9,31,影山灯
191,加古,重桜,N,重巡,建造不可,3043,中,142,187,165,33,140,0,9,31,影山灯
192,青葉,重桜,N,重巡,1:30:00,3108,中,142,186,165,35,145,0,9,32,影山灯
193,衣笠,重桜,N,重巡,1:30:00,3108,中,142,187,165,35,145,0,9,32,影山灯
196,妙高,重桜,R,重巡,建造不可,4746,中,142,171,130,36,168,0,10,32,鈴木絵理
197,那智,重桜,R,重巡,建造不可,4746,中,142,171,130,36,168,0,10,32,鈴木絵理
200,高雄,重桜,SSR,重巡,2:05:00,3818,中,152,236,213,33,155,0,12,31,加隈亜衣
201,愛宕,重桜,SSR,重巡,2:05:00,3818,中,152,236,213,33,155,0,12,31,茅野愛衣
202,摩耶,重桜,SSR,重巡,建造不可,3817,中,152,236,213,33,155,0,12,31,大西沙織
204,金剛,重桜,SR,巡洋戦艦,建造不可,,中,,,0,,,0,,,
205,比叡,重桜,SR,巡洋戦艦,4:10:00,5620,中,139,327,0,20,238,0,14,30,喜多村英梨
206,榛名,重桜,SR,巡洋戦艦,建造不可,,中,,,0,,,0,,,
207,霧島,重桜,SR,巡洋戦艦,建造不可,5620,中,139,327,0,20,238,0,14,,
208,扶桑,重桜,R,戦艦,建造不可,5912,重,120,349,0,13,193,0,13,23,小清水亜美
209,山城,重桜,R,戦艦,建造不可,6246,重,120,349,0,13,193,0,13,23,小清水亜美
210,伊勢,重桜,R,戦艦,4:25:00,6105,重,123,357,0,13,200,0,13,23,田村睦心
211,日向,重桜,R,戦艦,4:25:00,6105,重,123,357,0,13,200,0,13,23,渡辺明乃
212,長門,重桜,SSR,戦艦,4:20:00,,重,,,0,,,0,,,久野美咲
213,陸奥,重桜,SR,戦艦,建造不可,,重,,,0,,,0,,,黒沢ともよ
220,鳳翔,重桜,SR,軽空母,建造不可,3095,中,153,0,0,47,224,251,11,25,たかはし智秋
222,祥鳳,重桜,R,軽空母,建造不可,3692,中,154,0,0,43,216,244,10,28,河野ひろみ
224,赤城,重桜,SSR,空母,建造不可,5830,中,114,0,0,33,285,368,13,31,中原麻衣
225,加賀,重桜,SSR,空母,建造不可,5992,中,114,0,0,29,285,366,13,28,茅野愛衣
226,蒼龍,重桜,SR,空母,建造不可,4522,中,105,0,0,36,276,349,12,34,御手洗かりん
227,飛龍,重桜,SR,空母,建造不可,4714,中,105,0,0,36,274,350,12,34,石上静香
228,翔鶴,重桜,SSR,空母,4:30:00,5954,中,104,0,0,36,310,370,13,34,種田梨沙
229,瑞鶴,重桜,SSR,空母,4:30:00,6365,中,104,0,0,36,285,372,13,34,種田梨沙
232,明石,重桜,SSR,工作,1:35:00,3525,軽,157,38,0,20,139,0,11,19,上坂すみれ
233,Z1,鉄血,SR,駆逐,0:29:00,1725,軽,180,57,407,143,134,0,9,41,高森奈津美
236,Z23,鉄血,SR,駆逐,0:33:00,1786,軽,173,104,289,152,131,0,9,42,阿部里果
238,ケーニヒスベルク,鉄血,N,軽巡,1:10:00,2989,軽,152,133,239,76,295,0,8,32,小野涼子
239,カールスルーエ,鉄血,N,軽巡,1:10:00,2989,軽,152,133,239,76,295,0,8,32,小野涼子
240,ケルン,鉄血,N,軽巡,1:10:00,2989,軽,152,133,239,76,295,0,8,32,小野涼子
241,ライプツィヒ,鉄血,R,軽巡,1:20:00,3106,軽,161,129,236,75,308,0,9,32,小野涼子
242,アドミラル・ヒッパー,鉄血,SR,重巡,2:00:00,4518,中,154,219,166,23,165,0,11,25,山岡ゆり
244,プリンツ・オイゲン,鉄血,SSR,重巡,2:00:00,5683,中,159,196,133,23,178,0,12,26,佐倉綾音
245,ドイッチュラント,鉄血,SR,重巡,建造不可,3571,中,153,265,191,18,134,0,11,22,上坂すみれ
246,アドミラル・グラーフ・シュペー,鉄血,SR,重巡,1:55:00,3877,中,152,261,188,18,134,0,11,23,渕上舞
248,シャルンホルスト,鉄血,SR,巡洋戦艦,建造不可,6416,中,137,326,132,23,216,0,13,31,福原綾香
249,グナイゼナウ,鉄血,SR,巡洋戦艦,建造不可,6416,中,137,326,132,23,216,0,13,,篠田みなみ
251,ティルピッツ,鉄血,SSR,戦艦,建造不可,7637,重,130,387,188,21,181,0,15,30,田中敦子
252,グラーフ・ツェッペリン,鉄血,SSR,空母,4:35:00,6808,中,100,0,0,36,281,358,13,33,茅野愛衣
253,鞍山,東煌,SR,駆逐,建造不可,1897,軽,175,114,198,159,149,0,9,46,
254,撫順,東煌,SR,駆逐,建造不可,1897,軽,173,111,201,159,149,0,9,46,
255,長春,東煌,SR,駆逐,0:32:00,1897,軽,173,114,198,159,149,0,9,46,
256,太原,東煌,SR,駆逐,0:32:00,1897,軽,174,111,199,159,151,0,9,46,
257,逸仙,東煌,SR,軽巡,0:40:00,1698,中,159,105,0,63,308,0,10,19,
258,寧海,東煌,SR,軽巡,0:42:00,1786,中,159,127,203,67,254,0,10,23,三宅麻理恵
259,平海,東煌,SR,軽巡,0:42:00,1756,中,159,127,203,65,224,0,10,21,久野美咲
262,アヴローラ,北連,SSR,軽巡,建造不可,3024,中,130,91,194,63,139,0,11,19,三宅麻理恵
263,ベイリー,ﾕﾆｵﾝ,R,駆逐,0:27:00,1521,軽,178,76,282,156,149,0,8,44,鈴木絵理
264,Z19,鉄血,R,駆逐,建造不可,1708,軽,171,59,393,143,129,0,8,43,日高里菜
265,Z20,鉄血,N,駆逐,建造不可,1675,軽,171,57,391,143,126,0,7,43,日高里菜
266,Z21,鉄血,N,駆逐,建造不可,1675,軽,171,57,391,143,126,0,7,43,日高里菜
267,Z46,鉄血,SSR,駆逐,0:39:00,2237,軽,184,78,410,146,222,0,10,43,茅原実里
269,神風,重桜,R,駆逐,0:20:00,1301,軽,182,52,362,187,121,0,7,45,朝日奈丸佳
270,松風,重桜,R,駆逐,0:20:00,1301,軽,176,51,362,184,113,0,7,45,朝日奈丸佳
271,睦月,重桜,N,駆逐,0:21:00,1239,軽,171,51,385,187,120,0,7,45,大久保瑠美
272,如月,重桜,N,駆逐,0:21:00,1239,軽,171,51,385,187,120,0,7,45,大久保瑠美
274,卯月,重桜,N,駆逐,0:21:00,1239,軽,171,51,385,187,120,0,7,45,MAKO
276,水無月,重桜,N,駆逐,建造不可,1239,軽,171,51,385,187,120,0,7,45,MAKO
277,文月,重桜,R,駆逐,0:21:00,,軽,,,,,,0,,,
280,三日月,重桜,N,駆逐,建造不可,1239,軽,171,51,385,187,120,0,7,45,MAKO
288,江風,重桜,SSR,駆逐,0:25:00,,軽,,,,,,0,,,
295,新月,重桜,SR,駆逐,建造不可,2037,軽,183,47,330,174,168,0,9,40,大久保瑠美
296,春月,重桜,SR,駆逐,0:29:00,,軽,,,,,,0,,,
297,宵月,重桜,SR,駆逐,0:29:00,,軽,,,,,,0,,,
299,ラドフォード,ﾕﾆｵﾝ,R,駆逐,建造不可,1712,軽,175,75,249,157,150,0,8,46,伊瀬茉莉也
300,ジェンキンス,ﾕﾆｵﾝ,R,駆逐,建造不可,1733,軽,175,75,249,157,150,0,8,43,伊瀬茉莉也
301,ニコラス,ﾕﾆｵﾝ,SR,駆逐,建造不可,1763,軽,181,76,256,154,155,0,9,42,M・A・O
303,リッチモンド,ﾕﾆｵﾝ,N,軽巡,建造不可,2865,軽,158,123,180,79,246,0,8,35,小原莉子
304,ホノルル,ﾕﾆｵﾝ,R,軽巡,建造不可,3076,軽,157,142,0,73,270,0,9,33,日笠陽子
305,セントルイス,ﾕﾆｵﾝ,SR,軽巡,1:15:00,3204,軽,161,149,0,73,279,0,10,33,日笠陽子
306,ジュピター,ﾛｲﾔﾙ,R,駆逐,建造不可,1280,軽,175,66,324,204,135,0,8,43,高柳知葉
308,川内,重桜,R,軽巡,建造不可,2243,軽,161,130,298,75,241,0,9,35,中条智世
309,神通,重桜,SR,軽巡,建造不可,2310,軽,167,135,308,75,249,0,10,35,金元寿子
316,浦風,重桜,R,駆逐,建造不可,1736,軽,175,55,456,185,129,0,8,42,田中美海
317,磯風,重桜,R,駆逐,建造不可,1736,軽,175,57,456,185,130,0,8,42,
318,浜風,重桜,R,駆逐,0:27:00,1736,軽,175,56,466,185,130,0,8,42,日岡なつみ
319,谷風,重桜,R,駆逐,0:27:00,1736,軽,171,56,466,185,134,0,8,42,日岡なつみ
320,三笠,重桜,SSR,戦艦,3:30:00,4572,重,142,296,0,8,150,0,14,18,大原さやか
321,阿賀野,重桜,SR,軽巡,建造不可,2791,軽,146,129,313,76,285,0,10,35,
325,マッチレス,ﾛｲﾔﾙ,SR,駆逐,0:29:00,1402,軽,175,66,358,204,136,0,9,43,花守ゆみり
326,マスケティーア,ﾛｲﾔﾙ,SR,駆逐,建造不可,1402,軽,175,66,358,204,136,0,9,43,花守ゆみり
327,フィジー,ﾛｲﾔﾙ,R,軽巡,建造不可,3188,軽,159,138,235,76,222,0,9,32,秦佐和子
328,ジャマイカ,ﾛｲﾔﾙ,R,軽巡,1:22:00,3232,軽,158,137,235,76,291,0,9,32,三瓶由布子
329,モントピリア,ﾕﾆｵﾝ,SSR,軽巡,1:25:00,3929,軽,168,148,0,77,295,0,11,32,
330,デンバー,ﾕﾆｵﾝ,SR,軽巡,1:25:00,3880,軽,161,137,0,77,283,0,10,32,小澤亜李
331,朝潮,重桜,R,駆逐,0:28:00,,軽,,,,,,0,,,
332,大潮,重桜,R,駆逐,建造不可,,軽,,,,,,0,,,
335,ベルちゃん,ﾛｲﾔﾙ,SR,軽巡,建造不可,2885,軽,161,138,286,72,247,0,,32,堀江由衣
336,アバークロンビー,ﾛｲﾔﾙ,SR,砲艦,1:05:00,,軽,,,0,,,0,,,長妻樹里
337,サセックス,ﾛｲﾔﾙ,R,重巡,1:30:00,3049,軽,139,176,187,22,222,0,10,25,
3005,カッシン改,ﾕﾆｵﾝ,R,駆逐,改造,1611,軽,185,91,258,181,146,0,7,47,春村奈々
3006,ダウンズ改,ﾕﾆｵﾝ,R,駆逐,改造,1611,軽,185,91,258,181,146,0,7,47,新名彩乃
3019,ラフィー改,ﾕﾆｵﾝ,SSR,駆逐,改造,1815,軽,191,148,306,197,153,0,9,45,長縄まりあ
3027,ハムマン改,ﾕﾆｵﾝ,SR,駆逐,改造,1723,軽,197,85,251,154,239,0,8,45,伊藤あすか
3044,ポートランド改,ﾕﾆｵﾝ,SR,重巡,改造,4866,中,148,208,0,45,228,0,10,26,吉岡香織
3053,オクラホマ改,ﾕﾆｵﾝ,R,戦艦,改造,6200,重,135,348,0,11,220,0,,20,内山夕実
3070,ロング・アイランド改,ﾕﾆｵﾝ,SR,軽空母,改造,4254,中,163,0,0,39,259,306,10,16,吉田幸代
3071,ボーグ改,ﾕﾆｵﾝ,R,軽空母,改造,3589,中,161,0,0,39,254,304,9,18,野方こはる
3072,ラングレー改,ﾕﾆｵﾝ,R,軽空母,改造,4085,中,112,0,0,38,248,237,9,15,佳村はるか
3075,レンジャー改,ﾕﾆｵﾝ,R,軽空母,改造,4360,中,119,0,0,49,251,269,9,29,浅川悠
3082,アカスタ改,ﾛｲﾔﾙ,SR,駆逐,改造,,軽,,,,,,,,,奥野香耶
3083,アーデント改,ﾛｲﾔﾙ,SR,駆逐,改造,,軽,,,,,,,,,上倉万実
3088,コメット改,ﾛｲﾔﾙ,R,駆逐,改造,1308,軽,171,59,348,241,147,0,7,46,鈴木みのり
3089,クレセント改,ﾛｲﾔﾙ,R,駆逐,改造,1298,軽,165,99,310,234,146,0,7,46,鈴木みのり
3090,シグニット改,ﾛｲﾔﾙ,R,駆逐,改造,1298,軽,165,89,310,249,146,0,7,46,種田梨沙
3091,フォックスハウンド改,ﾛｲﾔﾙ,R,駆逐,改造,1309,軽,167,97,311,243,145,0,7,46,山岡ゆり
3092,フォーチュン改,ﾛｲﾔﾙ,SR,駆逐,改造,1333,軽,169,97,318,243,149,0,8,46,後藤邑子
3101,ジャベリン改,ﾛｲﾔﾙ,SSR,駆逐,改造,1482,軽,180,80,389,244,139,0,9,46,山根希美
3104,リアンダー改,ﾛｲﾔﾙ,R,軽巡,改造,3126,軽,154,177,271,77,284,0,8,33,木戸衣吹
3105,アキリーズ改,ﾛｲﾔﾙ,SR,軽巡,改造,2872,軽,157,192,321,73,259,0,9,33,山岡ゆり
3106,エイジャックス改,ﾛｲﾔﾙ,SR,軽巡,改造,2872,軽,157,192,321,73,259,0,9,33,中条智世
3122,サフォーク改,ﾛｲﾔﾙ,SR,重巡,改造,3354,軽,144,245,217,21,181,0,10,25,上原あかり
3126,エクセター改,ﾛｲﾔﾙ,SSR,重巡,改造,3519,中,168,236,168,23,226,0,11,26,加隈亜衣
3155,綾波改,重桜,SSR,駆逐,改造,1663,軽,201,67,523,208,127,0,9,48,大地葉
3168,不知火改,重桜,R,駆逐,改造,1600,軽,171,65,516,206,126,0,,45,
3187,阿武隈改,重桜,R,軽巡,改造,2787,軽,155,142,309,80,243,0,8,36,鬼頭明里
3188,最上改,重桜,SSR,重巡,改造,4141,中,164,234,177,34,208,0,,28,
3190,古鷹改,重桜,R,重巡,改造,3323,中,147,217,210,33,155,0,9,31,影山灯
3191,加古改,重桜,R,重巡,改造,3323,中,147,217,210,33,155,0,9,31,影山灯
3208,扶桑改,重桜,SR,航戦,改造,,重,,,0,,,,,,小清水亜美
3209,山城改,重桜,SR,航戦,改造,6596,重,118,352,0,13,268,182,13,23,小清水亜美
3222,祥鳳改,重桜,SR,軽空母,改造,3932,中,159,0,0,50,251,304,10,28,河野ひろみ
3239,カールスルーエ改,鉄血,R,軽巡,改造,3229,軽,157,153,284,76,310,0,8,32,小野涼子
3258,寧海改,東煌,SSR,軽巡,改造,1996,中,164,182,203,102,269,0,10,23,三宅麻理恵
3259,平海改,東煌,SSR,軽巡,改造,1967,中,164,182,203,99,239,0,10,21,久野美咲
3263,ベイリー改,ﾕﾆｵﾝ,SR,駆逐,改造,1731,軽,198,91,282,156,239,0,8,47,鈴木絵理
3269,神風改,重桜,SR,駆逐,改造,1466,軽,202,52,372,187,161,0,7,45,朝日奈丸佳
3270,松風改,重桜,SR,駆逐,改造,1466,軽,196,51,372,184,153,0,7,45,朝日奈丸佳
3271,睦月改,重桜,R,駆逐,改造,1239,軽,171,51,385,187,120,0,7,,大久保瑠美
3308,川内改,重桜,SR,軽巡,改造,2483,軽,166,150,363,75,241,0,9,,中条智世
3309,神通改,重桜,SSR,軽巡,改造,2550,軽,172,155,373,75,264,0,10,35,金元寿子
3318,浜風改,重桜,SR,駆逐,改造,1796,軽,175,66,526,205,130,0,8,45,日岡なつみ
3319,谷風改,重桜,SR,駆逐,改造,1796,軽,171,66,526,205,134,0,8,45,日岡なつみ
C001,ネプテューヌ,ﾈﾌﾟﾃｭｰﾇ,SR,軽巡,建造不可,3041,軽,149,133,254,73,266,0,10,32,田中理恵
C002,ノワール,ﾈﾌﾟﾃｭｰﾇ,SR,重巡,2:38:00,3387,中,144,206,173,30,155,0,11,27,今井麻美
C003,ブラン,ﾈﾌﾟﾃｭｰﾇ,SR,駆逐,2:24:00,1514,軽,181,61,397,169,130,0,9,46,阿澄佳奈
C004,ベール,ﾈﾌﾟﾃｭｰﾇ,SR,空母,建造不可,4803,中,98,0,0,35,253,337,12,28,佐藤利奈
C005,パープルハート,ﾈﾌﾟﾃｭｰﾇ,SSR,軽巡,2:44:00,3293,軽,156,145,273,76,276,0,11,32,田中理恵
C006,ブラックハート,ﾈﾌﾟﾃｭｰﾇ,SSR,重巡,2:40:00,3610,中,148,218,190,33,168,0,12,27,今井麻美
C007,ホワイトハート,ﾈﾌﾟﾃｭｰﾇ,SSR,駆逐,2:26:00,1622,軽,187,65,433,171,134,0,10,46,阿澄佳奈
C008,グリーンハート,ﾈﾌﾟﾃｭｰﾇ,SSR,空母,2:47:00,5027,中,100,0,0,36,262,354,13,28,佐藤利奈
P001,ネプチューン,ﾛｲﾔﾙ,PR,軽巡,開発ドック,4117,軽,140,146,306,73,317,0,,33,井澤美香子
P002,モナーク,ﾛｲﾔﾙ,PR,戦艦,開発ドック,6780,重,144,380,0,18,196,0,,28,沢城みゆき
P003,伊吹,重桜,PR,重巡,開発ドック,4188,中,160,232,249,40,165,0,,28,福圓美里
P004,出雲,重桜,PR,戦艦,開発ドック,,,,,,,,0,,,上田麗奈
P005,ローン,鉄血,PR,重巡,開発ドック,5290,中,146,243,184,39,198,0,,26,佐藤聡美
P006,サン・ルイ,ｱｲﾘｽ,PR,重巡,開発ドック,4793,中,162,237,192,41,212,0,,26,瀬戸麻沙美
