No,レア度,名前,属性,タイプ,種族,性別,得意武器,min-HP,min-ATK,HP,攻撃力,最終開放,クロスフェイト,声優,開放武器,カテゴリ,実装日
1,SSR,ガウェイン (SSR),風,防御,ヒューマン,♂,斧,330,1350,2110,8550,○,○,関智一,斧,レジェンドガチャ,2014/04/24
2,SSR,アルタイル (SSR),水,バランス,ヒューマン,♂,杖,300,1500,1900,9500,○,○,小野大輔,剣,レジェンドガチャ,2014/05/08
3,SSR,アレーティア (SSR),土,攻撃,ヒューマン,♂,剣,256,1720,1360,9200,,○○,大塚周夫,剣,レジェンドガチャ,2014/04/16
4,SSR,ネツァワルピリ (SSR),風,攻撃,ヒューマン,♂,槍,240,1800,1520,11400,○,○,小杉十郎太,槍,レジェンドガチャ,2014/03/10
5,SSR,レ・フィーエ (SSR),光,回復,ヒューマン,♀,剣,300,1200,1600,6400,,○,斎藤千和,杖,レジェンドガチャ,2014/03/10
6,SSR,レディ・グレイ (SSR),闇,特殊,ヒューマン,♀,槍,264,1680,1520,10680,○,○,折笠愛,斧,レジェンドガチャ,2014/03/10
7,SSR,ユエル (SSR),火,バランス,エルーン,♀,剣,315,1350,2000,8550,○,○○,植田佳奈,斧,レジェンドガチャ,2014/04/30
8,SSR,リリィ (SSR),水,回復,不明,♀,杖,296,1220,1580,6500,,,井口裕香,杖,レジェンドガチャ,2014/03/31
9,SSR,サルナーン (SSR),光,特殊,エルーン,♂,杖,250,1560,1340,8360,○,○,浪川大輔,杖,レジェンドガチャ,2014/05/23
10,SSR,カリオストロ (SSR),土,回復,ヒューマン,♀,杖,300,1300,1900,8310,○,○,丹下桜,杖,レジェンドガチャ,2014/05/31
11,SSR,シャルロッテ (SSR),水,バランス,ハーヴィン,♀,剣,270,1575,1720,9980,○,○○,名塚佳織,剣,レジェンドガチャ,2014/06/17
12,SSR,マギサ (SSR),火,特殊,ヒューマン,♀,杖,240,1650,1520,10450,○,,大原さやか,杖,レジェンドガチャ,2014/06/22
13,SSR,メーテラ (SSR),風,バランス,エルーン,♀,弓,270,1370,1450,7300,,○,柚木涼香,弓,レジェンドガチャ,2014/06/30
14,SSR,セルエル (SSR),光,攻撃,エルーン,♂,剣,215,1620,1365,10260,○,○○,森川智之,剣,レジェンドガチャ,2014/07/16
15,SSR,レ・フィーエ(水着ver) (SSR),光,回復,ヒューマン,♀,剣,300,1200,1600,6400,,,斎藤千和,短剣,レジェンドガチャ(期間限定),2014/07/31
16,SSR,イオ(水着ver) (SSR),火,攻撃,ヒューマン,♀,杖,230,1815,1225,9680,,,田村ゆかり,杖,レジェンドガチャ(期間限定),2014/08/14
17,SSR,ケルベロス (SSR),闇,特殊,星晶獣,♀,格闘,233,1333,1333,7333,,,喜多村英梨,格闘,レジェンドガチャ,2014/08/31
18,SSR,アギエルバ (SSR),火,防御,ドラフ,♂,剣,395,1485,2110,7920,,,石塚運昇,短剣,レジェンドガチャ,2014/09/12
19,SSR,クリスティーナ (SSR),風,バランス,ヒューマン,♀,銃,310,1460,1650,7777,,,井上麻里奈,銃,カジノ,2014/09/27
20,SSR,アルルメイヤ (SSR),土,特殊,ハーヴィン,♀,杖,220,1580,1380,9980,○,○,坂本真綾,槍,レジェンドガチャ,2014/09/30
21,SSR,シャルロッテ(ハロウィンver) (SSR),光,回復,ハーヴィン,♀,剣,300,1260,1590,6720,,,名塚佳織,短剣,レジェンドガチャ(期間限定),2014/10/21
22,SSR,レナ (SSR),風,回復,ヒューマン,♀,杖,300,1230,1870,7790,○,○○,能登麻美子,銃,レジェンドガチャ,2014/10/31
23,SSR,メルゥ (SSR),土,攻撃,エルーン,♀,槍,220,1620,1160,8640,,,豊崎愛生,斧,レジェンドガチャ,2014/11/14
24,SSR,ランスロット (SSR),水,攻撃,ヒューマン,♂,剣,250,1710,1570,10830,○,○,小野友樹,短剣,レジェンドガチャ,2014/11/30
25,SSR,ソフィア (SSR),光,回復,ヒューマン,♀,杖,350,1160,1830,6160,,○,福原香織,楽器,レジェンドガチャ,2014/11/30
26,SSR,ジークフリート (SSR),土,特殊,ヒューマン,♂,"剣,刀",260,1560,1610,9880,○,○,井上和彦,剣,レジェンドガチャ,2015/01/31
27,SSR,ロゼッタ(クリスマスver) (SSR),闇,回復,星晶獣,♀,短剣,290,1370,1540,7280,,,田中理恵,槍,レジェンドガチャ(期間限定),2014/12/16
28,SSR,アニラ (SSR),火,バランス,ドラフ,♀,"槍,格闘",315,1615,2015,10415,○,○,悠木碧,槍,レジェンドガチャ(期間限定),2014/12/31
29,SSR,ゼタ (SSR),火,攻撃,ヒューマン,♀,槍,240,1800,1280,9600,,○,花澤香菜,槍,レジェンドガチャ,2014/12/31
30,SSR,バザラガ (SSR),闇,攻撃,ドラフ,♂,斧,270,1980,1680,12540,○,○○,立木文彦,剣,レジェンドガチャ,2014/12/31
31,SSR,ウーノ (SSR),水,防御,ハーヴィン,♂,槍,311,1411,2311,10411,○,,中尾隆聖,,フェイトエピソード,2014/12/25
32,SSR,ソーン (SSR),光,バランス,ヒューマン,♀,弓,292,1522,2222,11222,○,,皆口裕子,,フェイトエピソード,2014/12/25
33,SSR,サラーサ (SSR),土,攻撃,ドラフ,♀,"剣,斧",253,1883,1833,13333,○,,高山みなみ,,フェイトエピソード,2014/12/25
34,SSR,カトル (SSR),水,特殊,エルーン,♂,短剣,214,1484,1644,10344,○,,福山潤,,フェイトエピソード,2014/12/25
35,SSR,フュンフ (SSR),光,回復,ハーヴィン,♀,杖,295,1255,2255,9355,○,,水田わさび,,フェイトエピソード,2014/12/25
36,SSR,シス (SSR),闇,攻撃,エルーン,♂,格闘,266,1666,1966,8666,○,,檜山修之,,フェイトエピソード,2014/12/25
37,SSR,シエテ (SSR),風,攻撃,ヒューマン,♂,剣,237,1777,1777,12777,○,,諏訪部順一,,フェイトエピソード,2014/12/25
38,SSR,オクトー (SSR),土,攻撃,ドラフ,♂,刀,308,1788,2088,12888,○,,銀河万丈,,フェイトエピソード,2014/12/25
39,SSR,ニオ (SSR),風,特殊,ハーヴィン,♀,楽器,219,1739,1599,12199,○,,ゆかな,,フェイトエピソード,2014/12/25
40,SSR,エッセル (SSR),火,バランス,エルーン,♀,銃,260,1400,2000,10000,○,,佐藤利奈,,フェイトエピソード,2014/12/25
41,SSR,ジャンヌダルク (SSR),光,バランス,ヒューマン,♀,槍,290,1560,1840,9850,○,,潘めぐみ,剣,レジェンドガチャ,2015/01/22
42,SSR,サラ (SSR),土,防御,ヒューマン,♀,格闘,390,1350,2080,7200,,○,大亀あすか,楽器,レジェンドガチャ,2015/01/31
43,SSR,カルメリーナ (SSR),風,特殊,ドラフ,♀,短剣,260,1740,1350,9240,,,福圓美里,槍,レジェンドガチャ,2015/02/13
44,SSR,ヴィーラ (SSR),闇,攻撃,ヒューマン,♀,剣,240,1680,1520,10640,○,,今井麻美,剣,レジェンドガチャ,2015/02/28
45,SSR,ソシエ (SSR),水,特殊,エルーン,♀,格闘,220,1490,1160,7920,,○,白石涼子,格闘,レジェンドガチャ,2015/03/17
46,SSR,アルベール (SSR),光,攻撃,ヒューマン,♂,剣,240,900,1280,4800,,○,緑川光,剣,レジェンドガチャ,2015/03/31
47,SSR,クラリス (SSR),火,特殊,ヒューマン,♀,杖,260,1380,1380,8480,,,佐倉綾音,楽器,レジェンドガチャ,2015/04/16
48,SSR,ペトラ (SSR),風,バランス,ヒューマン,♀,杖,310,1440,1650,7680,,,桑島法子,短剣,レジェンドガチャ,2015/04/30
49,SSR,サルナーン(闇属性ver) (SSR),闇,特殊,エルーン,♂,杖,250,1560,1340,8360,,○,浪川大輔,杖,レジェンドガチャ,2015/05/25
50,SSR,シルヴァ (SSR),水,攻撃,ヒューマン,♀,銃,252,1740,1602,10990,○,○○,久川綾,銃,レジェンドガチャ,2015/05/31
51,SSR,パーシヴァル (SSR),火,攻撃,ヒューマン,♂,剣,290,1710,1830,10830,○,○,逢坂良太,剣,レジェンドガチャ,2015/06/26
52,SSR,アーミラ (SSR),光,特殊,不明,♀,格闘,275,1620,1740,10270,○,,清水理沙,刀,レジェンドガチャ,2015/06/30
53,SSR,ガンダゴウザ (SSR),火,攻撃,ドラフ,♂,格闘,260,1890,1350,10080,,○,梁田清之,格闘,レジェンドガチャ,2015/07/14
54,SSR,ヴィーラ(水着ver) (SSR),土,特殊,ヒューマン,♀,剣,240,1530,1280,8160,,,今井麻美,剣,レジェンドガチャ(期間限定),2015/07/31
55,SSR,カタリナ(リミテッドver) (SSR),水,バランス,ヒューマン,♀,剣,330,1350,1980,8100,,,沢城みゆき,剣,レジェンドガチャ(期間限定),2015/07/31
56,SSR,ダヌア(水着ver) (SSR),闇,特殊,ドラフ,♀,短剣,310,1570,1590,8350,,,ささきのぞみ,刀,レジェンドガチャ(期間限定),2015/08/07
57,SSR,ゼタ(水着ver) (SSR),光,攻撃,ヒューマン,♀,槍,240,1800,1280,9600,,,花澤香菜,槍,レジェンドガチャ(期間限定),2015/08/14
58,SSR,ヴァンピィ (SSR),闇,特殊,不明,♀,杖,220,1720,1170,9160,,○,釘宮理恵,短剣,レジェンドガチャ,2015/08/31
59,SSR,アンリエット (SSR),風,特殊,ヒューマン,♀,楽器,245,1630,1300,8750,,,赤崎千夏,楽器,レジェンドガチャ,2015/09/22
60,SSR,ラカム(リミテッドver) (SSR),火,特殊,ヒューマン,♂,銃,300,1500,1600,8000,,,平田広明,銃,レジェンドガチャ(期間限定),2015/09/28
61,SSR,ヘルエス (SSR),火,攻撃,エルーン,♀,槍,215,1620,1150,8640,,○,冬馬由美,槍,レジェンドガチャ,2015/09/30
62,SSR,フィーナ (SSR),風,攻撃,ヒューマン,♀,弓,248,1760,1320,9400,,,戸松遥,弓,レジェンドガチャ,2015/10/14
63,SSR,カリオストロ(ハロウィンver) (SSR),闇,バランス,ヒューマン,♀,杖,290,1520,1550,8100,,,丹下桜,杖,レジェンドガチャ(期間限定),2015/10/23
64,SSR,ナルメア (SSR),闇,攻撃,ドラフ,♀,刀,210,1920,1120,10240,○,,M・A・O,刀,レジェンドガチャ,2015/10/31
65,SSR,ヨダルラーハ (SSR),水,攻撃,ハーヴィン,♂,剣,216,1800,1150,9580,,,千葉繁,刀,レジェンドガチャ,2015/11/19
66,SSR,イオ(リミテッドver) (SSR),光,バランス,ヒューマン,♀,杖,330,1440,1770,7700,,,田村ゆかり,杖,レジェンドガチャ(期間限定),2015/11/30
67,SSR,リルル (SSR),水,特殊,ハーヴィン,♀,楽器,280,1540,1500,8200,,○,諸星すみれ,楽器,レジェンドガチャ,2015/12/02
68,SSR,クラリス(クリスマスver) (SSR),土,特殊,ヒューマン,♀,杖,240,1650,1280,8800,,,佐倉綾音,楽器,レジェンドガチャ(期間限定),2015/12/19
69,SSR,ロゼッタ(リミテッドver) (SSR),風,特殊,星晶獣,♀,短剣,375,1400,2000,7500,,,田中理恵,短剣,レジェンドガチャ(期間限定),2015/12/29
70,SSR,ユーステス (SSR),土,攻撃,エルーン,♂,銃,205,1670,1100,8900,,,中井和哉,銃,レジェンドガチャ,2015/12/31
71,SSR,ベアトリクス (SSR),闇,特殊,ヒューマン,♀,剣,240,1730,1300,9250,,,平野綾,剣,レジェンドガチャ,2015/12/31
72,SSR,アンチラ (SSR),風,バランス,エルーン,♀,杖,260,1380,1400,7560,,○○,内田彩,刀,レジェンドガチャ(期間限定),2015/12/31
73,SSR,メーテラ(火属性ver) (SSR),火,攻撃,エルーン,♀,弓,225,1575,1200,8400,,○,柚木涼香,弓,レジェンドガチャ,2016/01/15
74,SSR,フェリ (SSR),光,バランス,エルーン,♀,短剣,240,1240,1420,7450,,,米澤円,剣,レジェンドガチャ,2016/01/31
75,SSR,キャサリン (SSR),土,特殊,エルーン,♀,銃,235,1530,1250,8170,,○○,たかはし智秋,短剣,レジェンドガチャ,2016/02/18
76,SSR,オイゲン(リミテッドver) (SSR),土,攻撃,ヒューマン,♂,銃,270,1850,1400,9900,,,藤原啓治,銃,レジェンドガチャ(期間限定),2016/02/26
77,SSR,ゾーイ (SSR),光,バランス,星晶獣,♀,剣,250,1350,1350,7200,,,小清水亜美,,その他(特典),2016/04/06
78,SSR,ザルハメリナ (SSR),火,特殊,ハーヴィン,♀,杖,280,1420,1510,7560,,,原由実,杖,レジェンドガチャ,2016/02/29
79,SSR,アオイドス (SSR),火,特殊,ヒューマン,♂,"剣,楽器",270,1580,1440,8400,,○,谷山紀章,斧,レジェンドガチャ,2016/02/29
80,SSR,ハレゼナ (SSR),土,攻撃,ドラフ,♀,斧,260,1890,1860,11970,○,,上坂すみれ,斧,レジェンドガチャ,2016/03/18
81,SSR,ジャンヌダルク(闇属性ver) (SSR),闇,攻撃,ヒューマン,♀,剣,225,1840,1200,9800,,,潘めぐみ,剣,レジェンドガチャ,2016/04/04
82,SSR,コルワ (SSR),風,特殊,エルーン,♀,杖,285,1300,1520,7000,,○,藤村歩,杖,レジェンドガチャ,2016/04/20
83,SSR,黒騎士(リミテッドver) (SSR),闇,攻撃,ヒューマン,♀,剣,280,1850,1500,10000,,,朴?美,剣,レジェンドガチャ(期間限定),2016/04/28
84,SSR,アリーザ (SSR),火,攻撃,ドラフ,♀,格闘,260,1840,1400,9830,,,高森奈津美,格闘,レジェンドガチャ,2016/05/02
85,SSR,アイル (SSR),土,特殊,ヒューマン,♂,格闘,270,1650,1440,8800,,,小野賢章,格闘,レジェンドガチャ,2016/05/18
86,SSR,ネモネ (SSR),土,攻撃,エルーン,♀,斧,210,1650,1120,8800,,,高垣彩陽,斧,レジェンドガチャ,2016/05/31
87,SSR,フォルテ (SSR),闇,攻撃,ドラフ,♀,槍,255,1910,1340,10130,,,三澤紗千香,槍,レジェンドガチャ,2016/06/16
88,SSR,ロザミア (SSR),光,バランス,ヒューマン,♀,剣,300,1500,1600,8000,,,石川由依,短剣,レジェンドガチャ,2016/06/30
89,SSR,イングヴェイ (SSR),水,防御,ヒューマン,♂,"銃,格闘",350,1400,1860,7500,,○○,山路和弘,銃,レジェンドガチャ,2016/07/15
90,SSR,ナルメア(水着ver) (SSR),水,攻撃,ドラフ,♀,刀,210,1920,1120,10240,,,M・A・O,刀,レジェンドガチャ(期間限定),2016/07/31
91,SSR,パーシヴァル(水着ver) (SSR),火,バランス,ヒューマン,♂,剣,290,1710,1540,9120,,,逢坂良太,剣,レジェンドガチャ(期間限定),2016/08/04
92,SSR,ヘルエス(水着ver) (SSR),光,バランス,エルーン,♀,槍,215,1620,1150,8640,,,冬馬由美,槍,レジェンドガチャ(期間限定),2016/08/12
93,SSR,ゾーイ(水着ver) (SSR),闇,特殊,星晶獣,♀,剣,230,1700,1180,9200,,,小清水亜美,格闘,レジェンドガチャ(期間限定),2016/08/18
94,SSR,シャノワール (SSR),水,特殊,ヒューマン,♂,杖,260,1550,1300,8700,,,松岡禎丞,短剣,レジェンドガチャ,2016/08/31
95,SSR,ヴァイト (SSR),闇,攻撃,不明,♂,短剣,250,1700,1300,9500,,○,梶裕貴,短剣,レジェンドガチャ,2016/09/15
96,SSR,ソシエ(火属性ver) (SSR),火,防御,エルーン,♀,格闘,320,1195,1730,6470,,,白石涼子,格闘,レジェンドガチャ,2016/09/15
97,SSR,ジュリエット (SSR),光,防御,ヒューマン,♀,槍,360,1350,1920,7200,,,石原夏織,杖,レジェンドガチャ,2016/09/30
98,SSR,ロミオ (SSR),水,バランス,ヒューマン,♂,剣,270,1620,1200,8500,,,中村悠一,杖,レジェンドガチャ,2016/10/14
99,SSR,ユーステス(ハロウィンver) (SSR),土,攻撃,エルーン,♂,銃,205,1670,1100,8900,,,中井和哉,銃,レジェンドガチャ(期間限定),2016/10/24
100,SSR,イシュミール (SSR),水,攻撃,ドラフ,♀,剣,270,1840,1370,9980,,,遠藤綾,剣,レジェンドガチャ,2016/10/31
101,SSR,リーシャ(リミテッドver) (SSR),風,バランス,ヒューマン,♀,剣,300,1260,1900,8500,,,川澄綾子,短剣,レジェンドガチャ(期間限定),2016/10/31
102,SSR,メリッサベル (SSR),風,攻撃,ハーヴィン,♀,剣,220,1890,1060,10100,,○,三上枝織,斧,レジェンドガチャ,2016/11/18
103,SSR,アンスリア (SSR),火,特殊,エルーン,♀,格闘,210,1540,1150,7970,,,浅川悠,杖,レジェンドガチャ,2016/11/30
104,SSR,アルルメイヤ(クリスマスver) (SSR),水,特殊,ハーヴィン,♀,杖,270,1890,1410,8800,,,坂本真綾,杖,レジェンドガチャ(期間限定),2016/12/19
105,SSR,ルシオ(リミテッドver) (SSR),光,バランス,星晶獣,♂,刀,310,1450,1660,7700,,,櫻井孝宏,槍,レジェンドガチャ(期間限定),2016/12/29
106,SSR,ユイシス (SSR),風,バランス,エルーン,♀,剣,230,1500,1300,8000,,,立花理香,剣,レジェンドガチャ,2016/12/31
107,SSR,マキラ (SSR),土,特殊,ハーヴィン,♀,楽器,220,1550,1260,8900,,○,門脇舞以,弓,レジェンドガチャ(期間限定),2016/12/31
108,SSR,マルキアレス (SSR),闇,特殊,ハーヴィン,♂,杖,210,1790,1150,9290,,,茶風林,杖,レジェンドガチャ,2017/01/20
109,SSR,ラスティナ (SSR),土,防御,ドラフ,♀,"槍,銃",386,1390,2150,7100,,,山本希望,槍,レジェンドガチャ,2017/01/31
110,SSR,ベアトリクス(水着ver) (SSR),火,特殊,ヒューマン,♀,剣,190,2000,990,11000,,,平野綾,短剣,レジェンドガチャ(期間限定),2017/02/13
111,SSR,オーキス(リミテッドver) (SSR),闇,特殊,不明,♀,格闘,300,1550,1650,7300,,,茅原実里,短剣,レジェンドガチャ(期間限定),2017/02/28
112,SSR,ゼタ(闇属性ver) (SSR),闇,攻撃,ヒューマン,♀,槍,220,1850,1020,10400,,,花澤香菜,槍,レジェンドガチャ,2017/02/28
113,SSR,レ・フィーエ(土属性ver) (SSR),土,回復,ヒューマン,♀,剣,430,980,1910,5800,,,斎藤千和,杖,レジェンドガチャ,2017/03/20
114,SSR,スツルム(リミテッドver) (SSR),火,攻撃,ドラフ,♀,剣,220,2090,1100,11100,,,伊藤かな恵,刀,レジェンドガチャ(期間限定),2017/03/31
115,SSR,キャタピラとヴィーラ (SSR),水,特殊,不明,♀,"銃,格闘",270,1600,1300,8700,,,"沢城みゆき,今井麻美",格闘,レジェンドガチャ,2017/03/31
116,SSR,ヴェイン (SSR),水,防御,ヒューマン,♂,槍,420,1230,2180,6960,,,江口拓也,斧,レジェンドガチャ,2017/04/18
117,SSR,カタリナ(闇属性ver) (SSR),闇,バランス,ヒューマン,♀,剣,295,1390,1540,7330,,,沢城みゆき,,その他(特典),2017/04/25
118,SSR,ドランク(リミテッドver) (SSR),水,特殊,エルーン,♂,杖,230,1470,1250,7510,,,杉田智和,杖,レジェンドガチャ(期間限定),2017/04/30
119,SSR,カリオストロ(闇属性ver) (SSR),闇,回復,ヒューマン,♀,杖,330,1200,1805,6370,,,丹下桜,杖,レジェンドガチャ,2017/04/30
120,SSR,クラリス(光属性ver) (SSR),光,攻撃,ヒューマン,♀,杖,236,1780,1300,9500,,,佐倉綾音,楽器,レジェンドガチャ,2017/05/19
121,SSR,スカーサハ (SSR),風,攻撃,エルーン,♀,格闘,310,1710,1610,7150,,○,小島幸子,格闘,レジェンドガチャ,2017/05/31
122,SSR,バウタオーダ (SSR),光,防御,ドラフ,♂,剣,398,1430,2300,7420,,,竹内良太,剣,レジェンドガチャ,2017/06/19
123,SSR,ユグドラシル (SSR),土,特殊,星晶獣,♀,格闘,320,1200,1900,6300,,,,楽器,レジェンドガチャ,2017/06/30
124,SSR,メドゥーサ (SSR),土,攻撃,星晶獣,♀,格闘,190,1820,1010,9200,,,水橋かおり,,LinksMate　連携特典,2017/07/01
125,SSR,イシュミール(水着ver) (SSR),水,攻撃,ドラフ,♀,剣,250,2000,1350,10100,,,遠藤綾,剣,レジェンドガチャ(期間限定),2017/07/31
126,SSR,コルワ(水着ver) (SSR),風,特殊,エルーン,♀,杖,285,1300,1550,6850,,,藤村歩,楽器,レジェンドガチャ(期間限定),2017/07/20
127,SSR,ジークフリート(浴衣ver) (SSR),風,特殊,ヒューマン,♂,"剣,刀",250,1750,1330,9500,,,井上和彦,刀,レジェンドガチャ(期間限定),2017/08/09
128,SSR,ディアンサ(水着ver) (SSR),水,特殊,ヒューマン,♀,楽器,245,1625,1420,8100,,,水瀬いのり,格闘,レジェンドガチャ(期間限定),2017/08/15
129,SSR,グレア (SSR),火,攻撃,不明,♀,格闘,210,1950,1150,10100,,,福原綾香,格闘,レジェンドガチャ,2017/08/31
130,SSR,三日月宗近 (SSR),光,バランス,不明,♂,刀,270,1350,1490,7580,,,鳥海浩輔,,イベント(シナリオコンプ),2017/09/09
131,SSR,アン (SSR),水,防御,ヒューマン,♀,槍,315,1425,1615,7925,,,日笠陽子,槍,レジェンドガチャ,2017/09/15
132,SSR,ニーナ・ドランゴ (SSR),火,攻撃,不明,♀,格闘,178,1480,972,7720,,,諸星すみれ,,その他(特典),2017/09/21
133,SSR,サーヴァンツ ドロシー＆クラウディア (SSR),光,特殊,ヒューマン,♀,"銃,格闘",265,1750,1400,9300,,,雨宮天/荒川美穂,格闘,レジェンドガチャ,2017/09/30
134,SSR,木之本桜 (SSR),光,特殊,ヒューマン,♀,杖,300,1200,1660,6730,,,丹下桜,,イベント(信頼度),2017/10/10
135,SSR,アザゼル (SSR),闇,攻撃,星晶獣,♂,"短剣,格闘",275,1890,1380,9990,,,森田成一,槍,レジェンドガチャ,2017/10/17
136,SSR,ダヌア(ハロウィンver) (SSR),火,特殊,ドラフ,♀,短剣,320,1530,1550,8610,,,ささきのぞみ,杖,レジェンドガチャ(期間限定),2017/10/23
137,SSR,ユエル(水属性ver) (SSR),水,特殊,エルーン,♀,"剣,刀",215,1590,1140,8500,,,植田佳奈,刀,レジェンドガチャ,2017/10/31
138,SSR,ヴィーラ(リミテッドver) (SSR),光,防御,星晶獣,♀,斧,390,1330,1950,7200,,,今井麻美,斧,レジェンドガチャ(期間限定),2017/11/17
139,SSR,ランスロット(風属性ver) (SSR),風,攻撃,ヒューマン,♂,"剣,短剣",255,1730,1350,9400,,,小野友樹,剣,レジェンドガチャ,2017/11/30
140,SSR,リヴァイ (SSR),風,攻撃,ヒューマン,♂,"剣,刀",205,1940,1240,9760,,,神谷浩史,,イベント(シナリオクリア),2017/12/14
141,SSR,マリー(クリスマスver) (SSR),光,バランス,ヒューマン,♀,銃,307,1490,1630,7900,,,長谷川明子,銃,レジェンドガチャ(期間限定),2017/12/15
142,SSR,シャリオス17世 (SSR),火,特殊,ヒューマン,♂,剣,240,1800,1700,7400,,,梅原裕一郎,,その他(特典),2017/12/29
143,SSR,オリヴィエ (SSR),闇,特殊,星晶獣,♀,剣,260,1550,1480,7800,,,坂本真綾,剣,レジェンドガチャ(期間限定),2017/12/29
144,SSR,ヴァジラ (SSR),水,攻撃,エルーン,♀,刀,200,1700,1140,8720,,,芹澤優,格闘,レジェンドガチャ(期間限定),2017/12/31
145,SSR,バザラガ(土属性ver) (SSR),土,攻撃,ドラフ,♂,斧,260,1890,1340,10130,,,立木文彦,斧,レジェンドガチャ,2017/12/31
146,SSR,イルザ (SSR),土,攻撃,エルーン,♀,"銃,弓",230,1600,1200,8500,,,園崎未恵,弓,レジェンドガチャ,2017/12/31
147,SSR,テレーズ (SSR),火,攻撃,ヒューマン,♀,剣,220,1900,1240,9800,,,小林ゆう,刀,レジェンドガチャ,2018/01/16
148,SSR,ゾーイ(ガチャver) (SSR),光,バランス,星晶獣,♀,銃,270,1650,1460,8700,,,小清水亜美,銃,レジェンドガチャ,2018/01/31
149,SSR,メドゥーサ(バレンタインver) (SSR),土,バランス,星晶獣,♀,格闘,260,1700,1500,8500,,,水橋かおり,杖,レジェンドガチャ(期間限定),2018/02/14
150,SSR,ティアマト (SSR),風,特殊,星晶獣,♀,格闘,240,1500,1700,7300,,,？？？,銃,レジェンドガチャ,2018/02/28
151,SSR,サンダルフォン (SSR),光,バランス,星晶獣,♂,"剣,刀",310,1450,1660,7700,,,鈴村健一,杖,イベント(シナリオクリア),2018/02/28
152,SSR,ジャンヌダルク(水着ver) (SSR),風,バランス,ヒューマン,♀,剣,330,1350,1780,7100,,,潘めぐみ,槍,レジェンドガチャ(期間限定),2018/03/16
153,SSR,ロボミ (SSR),光,攻撃,不明,不明,銃,232,1875,1260,9700,,,潘恵子,銃,レジェンドガチャ,2018/03/31
154,SSR,シロウ (SSR),闇,防御,ヒューマン,♂,刀,350,1400,1850,7550,,,関智一,刀,レジェンドガチャ,2018/03/31
155,SSR,江戸川コナン (SSR),光,特殊,ヒューマン,♂,"銃,格闘",210,1400,1100,7500,,,高山みなみ,-,イベント(コラボ),2018/04/08
156,SSR,ブローディア (SSR),土,防御,星晶獣,♀,"剣,刀",368,1310,1960,7000,,,平野綾,短剣,レジェンドガチャ(期間限定),2018/04/17
157,SSR,ククル (SSR),水,バランス,ヒューマン,♀,銃,300,1500,1500,8500,,,洲崎綾,銃,レジェンドガチャ,2018/04/30
158,SSR,ソリッズ (SSR),土,攻撃,ヒューマン,♂,格闘,250,1860,1300,10200,,,小山力也,格闘,レジェンドガチャ,2018/05/21
1001,SR,ノイシュ (SR),光,防御,ヒューマン,♂,槍,264,1080,1320,5400,,,井上剛,槍,キャンペーン,2014/03/13
1002,SR,テレーズ (SR),水,特殊,ヒューマン,♀,剣,220,1100,1100,5500,,○,小林ゆう,剣,イベント(戦貨ガチャ),2014/03/31
1003,SR,マイシェラ (SR),水,特殊,エルーン,♀,杖,260,1080,1300,5400,,○,井上喜久子,杖,レジェンドガチャ,2014/03/31
1004,SR,アレク (SR),火,攻撃,ヒューマン,♂,格闘,180,1500,1010,8400,○,○,潘めぐみ,格闘,レジェンドガチャ,2014/03/10
1005,SR,ヘルナル (SR),風,バランス,エルーン,♂,剣,250,1125,1500,7160,○,○,鈴木達央,剣,レジェンドガチャ,2014/03/10
1006,SR,カタリナ (SR),水,バランス,ヒューマン,♀,剣,220,900,1320,5400,,○○,沢城みゆき,,メインクエスト,2014/03/10
1007,SR,イオ (SR),水,回復,ヒューマン,♀,杖,200,800,1450,6000,○,○○,田村ゆかり,,メインクエスト,2014/03/10
1008,SR,オイゲン (SR),土,バランス,ヒューマン,♂,銃,146,1090,1046,7970,○,○,藤原啓治,,メインクエスト,2014/03/10
1009,SR,ラカム (SR),火,特殊,ヒューマン,♂,銃,200,1000,1450,7250,○,○,平田広明,,メインクエスト,2014/03/10
1010,SR,ガイーヌ (SR),土,特殊,ヒューマン,♀,剣,264,1180,1590,7080,○,○,中原麻衣,剣,レジェンドガチャ,2014/03/10
1011,SR,ロゼッタ (SR),風,バランス,不明,♀,短剣,208,960,1300,5800,,,田中理恵,,メインクエスト,2014/03/26
1012,SR,アビー (SR),火,攻撃,ヒューマン,♀,斧,160,1200,800,6000,,○,加藤英美里,斧,キャンペーン,2014/03/13
1013,SR,アンジェ (SR),水,バランス,ヒューマン,♀,剣,250,1250,1260,7500,○,○○,小林沙苗,剣,レジェンドガチャ,2014/04/16
1014,SR,ラムレッダ (SR),土,バランス,ドラフ,♀,杖,270,1120,1350,5600,,○,明坂聡美,杖,レジェンドガチャ,2014/04/24
1015,SR,ウラムヌラン (SR),水,特殊,ハーヴィン,♂,槍,200,1300,1200,7820,○,○,村瀬歩,槍,レジェンドガチャ,2014/04/30
1016,SR,アリーザ (SR),火,攻撃,ドラフ,♀,格闘,168,1260,840,6300,,○,高森奈津美,格闘,イベント(戦貨ガチャ),2014/04/30
1017,SR,ジェシカ (SR),火,バランス,ヒューマン,♀,銃,225,1125,1125,5625,,○,瀬戸麻沙美,銃,イベント(戦貨ガチャ),2014/05/08
1018,SR,ダヌア (SR),闇,特殊,ドラフ,♀,短剣,250,1310,1490,7840,○,○,ささきのぞみ,短剣,レジェンドガチャ,2014/05/08
1019,SR,スーテラ (SR),風,バランス,エルーン,♀,弓,260,1180,1560,7060,○,○,伊藤静,弓,レジェンドガチャ,2014/05/23
1020,SR,ヴィーラ (SR),闇,攻撃,ヒューマン,♀,剣,200,1400,1000,7000,,○,今井麻美,剣,レジェンドガチャ,2014/06/22
1021,SR,ソリッズ (SR),土,攻撃,ヒューマン,♂,格闘,175,1500,1040,9000,○,○,小山力也,格闘,レジェンドガチャ,2014/05/31
1022,SR,サラ (SR),土,防御,ヒューマン,♀,格闘,260,900,1300,4500,,○,大亀あすか,槍,イベント(戦貨ガチャ),2014/05/31
1023,SR,ジン (SR),土,攻撃,ヒューマン,♂,剣,140,1200,700,6000,,○,安元洋貴,弓,イベント(戦貨ガチャ),2014/06/09
1024,SR,エルモート (SR),火,攻撃,エルーン,♂,杖,180,1350,900,6750,,○,柿原徹也,杖,レジェンドガチャ,2014/03/10
1025,SR,キハール (SR),風,バランス,エルーン,♂,弓,245,1150,1125,5850,,○,麦人,楽器,レジェンドガチャ,2014/03/10
1026,SR,エルタ (SR),風,特殊,ヒューマン,♂,楽器,200,1375,1000,6875,,,蒼井翔太,楽器,レジェンドガチャ,2014/06/30
1027,SR,セレフィラ (SR),風,回復,エルーン,♀,楽器,198,850,1390,5880,○,○,日笠陽子,楽器,イベント(戦貨ガチャ),2014/06/30
1028,SR,エゼクレイン (SR),火,特殊,ヒューマン,♂,短剣,225,1250,1125,6250,,,津田健次郎,格闘,レジェンドガチャ,2014/07/16
1029,SR,シグ (SR),水,攻撃,ヒューマン,♀,槍,170,1160,850,5900,,,生天目仁美,槍,イベント(戦貨ガチャ),2014/07/31
1030,SR,カタリナ(水着ver) (SR),水,防御,ヒューマン,♀,剣,300,1125,1500,5625,,,沢城みゆき,剣,レジェンドガチャ(期間限定),2014/07/31
1031,SR,ジェシカ(水着ver) (SR),火,特殊,ヒューマン,♀,銃,210,1325,1050,6625,,,瀬戸麻沙美,銃,レジェンドガチャ(期間限定),2014/07/31
1032,SR,ヘルナル(水着ver) (SR),風,特殊,エルーン,♂,剣,260,1185,1300,5920,,,鈴木達央,剣,レジェンドガチャ(期間限定),2014/08/14
1033,SR,フェリ (SR),光,特殊,エルーン,♀,短剣,205,1150,1035,5740,,,米澤円,短剣,レジェンドガチャ,2014/08/14
1034,SR,ルシウス (SR),闇,攻撃,ヒューマン,♂,剣,210,1460,1250,8760,○,○,子安武人,剣,レジェンドガチャ,2014/08/31
1035,SR,ティナ (SR),火,回復,ヒューマン,♀,杖,275,1000,1650,6460,○,○,堀江由衣,短剣,レジェンドガチャ,2014/08/31
1036,SR,フィーナ (SR),風,バランス,ヒューマン,♀,弓,190,1040,960,5200,,,戸松遥,,イベント(信頼度),2014/08/31
1037,SR,アルシャ (SR),光,バランス,エルーン,♀,杖,225,1125,1125,5625,,○,折笠富美子,杖,レジェンドガチャ,2014/09/12
1038,SR,ファラ (SR),土,バランス,ヒューマン,♀,剣,250,1280,1230,6380,,○,伊瀬茉莉也,短剣,レジェンドガチャ,2014/09/30
1039,SR,ユーリ (SR),土,バランス,ヒューマン,♂,剣,200,1020,980,5100,,○,古川慎,,イベント(信頼度),2014/09/30
1040,SR,ノア (SR),光,特殊,星晶獣,♂,杖,200,1250,1200,7500,○,,石川界人,杖,レジェンドガチャ,2014/11/14
1041,SR,島村卯月 (SR),光,バランス,ヒューマン,♀,剣,220,920,1400,5770,○,,大橋彩香,,イベント(コラボ),2014/10/13
1042,SR,渋谷凛 (SR),水,攻撃,ヒューマン,♀,剣,180,1120,1060,7080,○,○,福原綾香,,イベント(信頼度),2014/10/13
1043,SR,アンジェ(ハロウィンver) (SR),闇,攻撃,ヒューマン,♀,剣,250,1250,1000,7500,,,小林沙苗,楽器,レジェンドガチャ(期間限定),2014/10/21
1044,SR,ミムルメモル (SR),風,特殊,ハーヴィン,♀,楽器,180,1320,900,6570,,○○,小林由美子,格闘,レジェンドガチャ,2014/10/31
1045,SR,アステール (SR),風,バランス,エルーン,♀,弓,150,900,720,4500,,,種田梨沙,,イベント(信頼度),2014/10/31
1046,SR,マライア (SR),土,攻撃,ヒューマン,♀,槍,220,1440,1070,7190,,○,中村千絵,槍,レジェンドガチャ,2014/11/14
1047,SR,カレン (SR),火,バランス,ヒューマン,♀,剣,240,1300,1190,6500,,○,佐藤聡美,剣,レジェンドガチャ,2014/11/30
1048,SR,ヴェイン (SR),水,防御,ヒューマン,♂,槍,280,820,1360,4350,,○,江口拓也,,イベント(信頼度),2014/11/30
1049,SR,ラカム(クリスマスver) (SR),土,特殊,ヒューマン,♂,銃,210,1300,1050,6500,,,平田広明,楽器,レジェンドガチャ(期間限定),2014/12/16
1050,SR,ロザミア (SR),光,バランス,ヒューマン,♀,剣,260,1200,1300,6000,,,石川由依,杖,レジェンドガチャ,2014/12/31
1051,SR,ヨハン (SR),光,回復,ヒューマン,♂,杖,220,830,1090,4150,,,斎賀みつき,,イベント(信頼度),2014/12/31
1052,SR,城ヶ崎美嘉 (SR),闇,特殊,ヒューマン,♀,短剣,160,1100,960,6600,○,,佳村はるか,,イベント(コラボ),2015/01/09
1053,SR,本田未央 (SR),火,バランス,ヒューマン,♀,銃,210,1000,1320,6230,○,○,原紗友里,,イベント(信頼度),2015/01/09
1054,SR,バウタオーダ (SR),光,防御,ドラフ,♂,剣,330,1250,1650,6200,,○○○,竹内良太,剣,レジェンドガチャ,2015/01/22
1055,SR,リタ (SR),闇,特殊,ヒューマン,♀,杖,220,1280,1320,7660,○,,沢城みゆき,,その他(特典),2015/01/28
1056,SR,ファスティバ (SR),土,攻撃,ドラフ,？,格闘,220,1580,1100,7850,,○,稲田徹,格闘,レジェンドガチャ,2015/01/31
1057,SR,ボレミア (SR),土,防御,ヒューマン,♀,剣,220,900,1100,4500,,,嶋村侑,,イベント(信頼度),2015/01/31
1058,SR,クラウディア (SR),土,攻撃,ヒューマン,♀,格闘,230,1450,1130,7250,,,荒川美穂,槍,レジェンドガチャ,2015/02/13
1059,SR,ドロシー (SR),火,特殊,ヒューマン,♀,銃,230,1330,1110,6630,,,雨宮天,格闘,レジェンドガチャ,2015/02/13
1060,SR,ザザ (SR),闇,防御,ドラフ,♂,斧,300,1190,1450,5920,,○,石川英郎,斧,レジェンドガチャ,2015/02/28
1061,SR,ゼヘク (SR),闇,バランス,ヒューマン,♂,短剣,200,880,1000,4400,,,KENN,,イベント(信頼度),2015/02/28
1062,SR,エジェリー (SR),水,バランス,ヒューマン,♀,楽器,250,1250,1250,6250,,,矢作紗友里,楽器,レジェンドガチャ,2015/03/17
1063,SR,テレーズ(バニーver) (SR),火,バランス,ヒューマン,♀,剣,250,1250,1250,6250,,,小林ゆう,剣,レジェンドガチャ,2015/03/31
1064,SR,サーヤ (SR),火,特殊,ドラフ,♀,銃,170,1160,840,5780,,,小澤亜李,,イベント(信頼度),2015/03/31
1065,SR,ミラオル (SR),水,バランス,ハーヴィン,♀,弓,230,1320,1130,6570,,○,大西沙織,弓,レジェンドガチャ,2015/04/16
1066,SR,アーミラ (SR),光,攻撃,不明,♀,格闘,240,1400,1640,8200,○,,清水理沙,,その他(特典),2015/05/27
1067,SR,ヘイゼン (SR),風,回復,ヒューマン,♂,"杖,格闘",260,1000,1300,5000,,○,浜田賢二,格闘,レジェンドガチャ,2015/04/30
1068,SR,スィール (SR),風,特殊,ヒューマン,♂,短剣,170,1050,850,5250,,○,小松未可子,,イベント(信頼度),2015/04/30
1069,SR,マリー (SR),火,バランス,ヒューマン,♀,銃,240,1200,1200,6200,,○,長谷川明子,銃,レジェンドガチャ,2015/06/26
1070,SR,川島瑞樹 (SR),水,回復,ヒューマン,♀,杖,210,980,1030,4860,,,東山奈央,,イベント(信頼度),2015/05/11
1071,SR,前川みく (SR),風,攻撃,ヒューマン,♀,格闘,139,1139,839,5839,,,高森奈津美,,イベント(コラボ),2015/05/11
1072,SR,双葉杏 (SR),土,特殊,ヒューマン,♀,銃,190,1030,1100,6180,○,,五十嵐裕美,,イベント(貢献度),2015/05/11
1073,SR,リーシャ (SR),風,バランス,ヒューマン,♀,剣,210,1050,1050,5250,,,川澄綾子,,メインクエスト,2015/06/16
1074,SR,ペンギー (SR),水,防御,ヒューマン,♀,銃,400,700,2000,3500,,○,上田麗奈,,その他(TGS2015),2015/09/17
1075,SR,セイラン (SR),光,回復,エルーン,♂,杖,200,810,990,4050,,○,岡本信彦,,その他(TGS2015),2015/09/17
1076,SR,Ｊ・Ｊ (SR),光,特殊,ヒューマン,♂,楽器,290,1150,1450,5750,,,木村昴,格闘,レジェンドガチャ,2015/05/25
1077,SR,ザーリリャオー (SR),水,バランス,ハーヴィン,♀,弓,220,1270,1180,6320,,○,山下七海,銃,レジェンドガチャ,2015/05/31
1078,SR,ロミオ (SR),水,バランス,ヒューマン,♂,剣,204,980,1020,4900,,,中村悠一,,イベント(信頼度),2015/05/31
1079,SR,フェザー (SR),光,攻撃,ヒューマン,♂,格闘,210,1450,1260,8700,○,,斉藤壮馬,格闘,レジェンドガチャ,2015/06/30
1080,SR,ロボミ (SR),光,特殊,不明,♀,銃,270,850,1350,4250,,,潘恵子,,イベント(信頼度),2015/06/30
1081,SR,ミラ＝マクスウェル (SR),火,攻撃,不明,♀,剣,210,1020,1030,5250,,,沢城みゆき,,イベント(コラボ),2015/07/10
1082,SR,ユーリ・ローウェル (SR),闇,攻撃,ヒューマン,♂,刀,170,1220,830,6180,,,鳥海浩輔,,イベント(信頼度),2015/07/10
1083,SR,ソフィ (SR),光,攻撃,不明,♀,格闘,200,1120,980,5570,,,花澤香菜,,イベント(トレジャー交換),2015/07/10
1084,SR,エルモート(水着ver) (SR),火,攻撃,エルーン,♂,杖,180,1350,900,6750,,,柿原徹也,杖,レジェンドガチャ(期間限定),2015/07/14
1085,SR,ターニャ(水着ver) (SR),闇,バランス,ヒューマン,♀,短剣,260,1200,1290,6000,,,諏訪彩花,短剣,レジェンドガチャ(期間限定),2015/07/14
1086,SR,オイゲン(水着ver) (SR),土,攻撃,ヒューマン,♂,銃,130,1370,930,6820,,,藤原啓治,銃,レジェンドガチャ(期間限定),2015/07/31
1087,SR,ジン(克己浪人) (SR),土,攻撃,ヒューマン,♂,刀,140,1200,700,6000,,,安元洋貴,,イベント(信頼度),2015/07/31
1088,SR,リーシャ(水着ver) (SR),風,バランス,ヒューマン,♀,剣,270,1320,1320,6570,,,川澄綾子,剣,レジェンドガチャ(期間限定),2015/08/07
1089,SR,城ヶ崎莉嘉 (SR),火,攻撃,ヒューマン,♀,槍,160,1200,960,7200,○,,山本希望,,イベント(勲章交換),2015/08/22
1090,SR,三村かな子 (SR),土,回復,ヒューマン,♀,杖,220,800,1250,4000,,,大坪由佳,,イベント(コラボ),2015/08/22
1091,SR,白坂小梅 (SR),闇,特殊,ヒューマン,♀,杖,160,1100,800,5500,,,桜咲千依,,イベント(信頼度),2015/08/22
1092,SR,スフラマール(水着ver) (SR),水,特殊,ハーヴィン,♀,杖,180,1450,900,7230,,,田中真奈美,杖,レジェンドガチャ(期間限定),2015/08/14
1093,SR,ウィル (SR),闇,バランス,ヒューマン,♂,"剣,杖",240,1320,1430,7900,○,,岸尾だいすけ,杖,レジェンドガチャ,2015/08/31
1094,SR,ベス (SR),闇,バランス,不明,？,格闘,200,900,860,3900,,,犬山イヌコ,,イベント(給餌),2015/08/31
1094,SR,ベス (SR),※,攻撃,不明,？,格闘,140,1200,860,4980,,,犬山イヌコ,,イベント(給餌),2015/08/31
1094,SR,ベス (SR),※,防御,不明,？,格闘,220,840,1100,4000,,,犬山イヌコ,,イベント(給餌),2015/08/31
1095,SR,ガラドア (SR),土,防御,ドラフ,♂,斧,320,1190,1580,5920,,○,廣田行生,斧,レジェンドガチャ,2015/09/22
1096,SR,アンナ (SR),火,攻撃,ヒューマン,♀,杖,200,1500,1000,7500,,,いのくちゆか,杖,レジェンドガチャ,2015/09/30
1097,SR,ノイシュ(火属性ver) (SR),火,防御,ヒューマン,♂,槍,240,900,1440,5400,○,,井上剛,,イベント(信頼度),2015/09/30
1098,SR,天道輝 (SR),火,攻撃,ヒューマン,♂,剣,170,1170,850,5900,,,仲村宗悟,,イベント(信頼度),2015/10/07
1099,SR,桜庭薫 (SR),水,特殊,ヒューマン,♂,短剣,190,1020,920,5100,,,内田雄馬,,イベント(トレジャー交換),2015/10/07
1100,SR,柏木翼 (SR),風,バランス,ヒューマン,♂,銃,180,1070,900,5350,,,八代拓,,イベント(コラボ),2015/10/07
1101,SR,ミニゴブ (SR),風,特殊,不明,♀,杖,264,1120,1320,5640,,,小岩井ことり,杖,レジェンドガチャ,2015/10/14
1102,SR,フェリ(ハロウィンver) (SR),光,特殊,エルーン,♀,短剣,205,1150,1035,5740,,,米澤円,剣,レジェンドガチャ(期間限定),2015/10/23
1103,SR,ジャスミン (SR),土,回復,ヒューマン,♀,杖,270,1000,1370,5020,,○○,後藤沙緒里,杖,レジェンドガチャ,2015/10/31
1104,SR,ファラ(風属性ver) (SR),風,防御,ヒューマン,♀,剣,204,980,1200,4150,,,伊瀬茉莉也,,イベント(信頼度),2015/10/31
1105,SR,リュウ (SR),風,攻撃,ヒューマン,♂,格闘,200,1080,1000,5400,,,高橋広樹,,イベント(信頼度),2015/11/13
1106,SR,春麗 (SR),水,攻撃,ヒューマン,♀,格闘,190,1090,950,5450,,,折笠富美子,,イベント(トレジャー交換),2015/11/13
1107,SR,シグ(ガチャver) (SR),水,攻撃,ヒューマン,♀,"剣,槍",210,1400,1060,7200,,,生天目仁美,槍,レジェンドガチャ,2015/11/19
1108,SR,ヴェイン(ガチャver) (SR),水,防御,ヒューマン,♂,槍,290,1160,1470,5800,,,江口拓也,槍,レジェンドガチャ,2015/12/02
1109,SR,ランスロット (SR),水,攻撃,ヒューマン,♂,剣,160,1140,830,5700,,,小野友樹,,イベント(信頼度),2015/11/30
1110,SR,ファスティバ(クリスマスver) (SR),光,攻撃,ドラフ,？,格闘,220,1580,1100,7850,,,稲田徹,格闘,レジェンドガチャ(期間限定),2015/12/19
1111,SR,アニラ (SR),火,特殊,ドラフ,♀,槍,215,1140,845,5760,,,悠木碧,,イベント(信頼度),2015/12/26
1112,SR,ヤイア (SR),土,特殊,ドラフ,♀,剣,300,1100,1515,5500,○,○,日高里菜,剣,レジェンドガチャ,2015/12/31
1113,SR,スカル (SR),土,攻撃,ハーヴィン,♂,銃,144,1260,720,6150,,,内山昂輝,,イベント(信頼度),2015/12/31
1114,SR,スーテラ(火属性ver) (SR),火,防御,エルーン,♀,弓,265,1150,1320,5750,,,伊藤静,弓,レジェンドガチャ,2016/01/15
1115,SR,リナ＝インバース (SR),火,バランス,ヒューマン,♀,剣,200,1000,1000,5000,,,林原めぐみ,,イベント(信頼度/バトル報酬),2016/01/22
1116,SR,白蛇のナーガ (SR),水,バランス,ヒューマン,♀,剣,200,1000,1000,5000,,,川村万梨阿,,イベント(信頼度/バトル報酬),2016/01/22
1117,SR,ダエッタ (SR),光,攻撃,ドラフ,♀,斧,230,1560,1150,7800,,,小岩井ことり,斧,レジェンドガチャ,2016/01/31
1118,SR,ソリッズ(光属性ver) (SR),光,防御,ヒューマン,♂,格闘,230,950,1150,4750,,,小山力也,,イベント(信頼度),2016/01/31
1119,SR,サビルバラ (SR),風,攻撃,ハーヴィン,♂,刀,200,1480,1000,7400,,,興津和幸,刀,レジェンドガチャ,2016/02/18
1120,SR,ライアン (SR),火,攻撃,ヒューマン,♂,斧,220,1480,1100,7400,,○,浅沼晋太郎,斧,レジェンドガチャ,2016/02/29
1121,SR,輿水幸子 (SR),光,特殊,ヒューマン,♀,斧,130,920,800,5500,,,竹達彩奈,,イベント(トレジャー交換),2016/03/11
1122,SR,十時愛梨 (SR),土,防御,ヒューマン,♀,剣,210,720,1200,4500,,○,原田ひとみ,,イベント(コラボ),2016/03/11
1123,SR,レッドラック (SR),土,特殊,ドラフ,♂,格闘,210,1450,1050,7230,,○,大塚芳忠,槍,レジェンドガチャ,2016/03/18
1124,SR,ローアイン (SR),水,特殊,エルーン,♂,短剣,190,900,1140,5400,○,,白石稔,,イベント(信頼度),2016/03/31
1125,SR,シャオ (SR),闇,特殊,エルーン,♂,杖,280,1070,1430,5350,,,櫻井孝宏,短剣,レジェンドガチャ,2016/04/04
1126,SR,神月かりん (SR),火,攻撃,ヒューマン,♀,格闘,180,1100,900,5500,,,遠藤綾,,イベント(トレジャー交換),2016/04/15
1127,SR,ラシード (SR),風,攻撃,ヒューマン,♂,格闘,190,1090,950,5450,,,新垣樽助,,イベント(信頼度),2016/04/15
1128,SR,セン (SR),火,攻撃,エルーン,♀,格闘,180,1350,900,6750,,○,広橋涼,格闘,レジェンドガチャ,2016/04/20
1129,SR,エシオ (SR),風,バランス,ヒューマン,♂,斧,240,1280,1220,6400,,,楠大典,斧,レジェンドガチャ,2016/05/02
1130,SR,スタン (SR),闇,バランス,エルーン,♂,剣,170,950,850,4750,,,増田俊樹,,イベント(信頼度),2016/05/02
1131,SR,真宮寺さくら (SR),風,バランス,ヒューマン,♀,刀,200,1000,1000,5000,,,横山智佐,,イベント(信頼度),2016/05/13
1132,SR,エリカ・フォンティーヌ (SR),光,回復,ヒューマン,♀,銃,220,800,1100,4000,,,日高のり子,,イベント(トレジャー交換),2016/05/13
1133,SR,ジェミニ・サンライズ (SR),火,攻撃,ヒューマン,♀,"銃,刀",160,1200,800,6000,,,小林沙苗,,イベント(シナリオコンプ),2016/05/13
1134,SR,ラグナ (SR),土,特殊,ドラフ,♀,槍,250,1510,1240,7560,,○,寺崎裕香,槍,レジェンドガチャ,2016/05/18
1135,SR,ジャミル (SR),土,特殊,ヒューマン,♂,短剣,235,1330,1170,6650,,,島﨑信長,短剣,レジェンドガチャ,2016/05/31
1136,SR,モルフェとヴェトル (SR),水,特殊,不明,？,楽器,240,800,1200,4000,,,森永理科/田所あずさ,,イベント(信頼度),2016/05/31
1137,SR,スタン・エルロン (SR),火,攻撃,ヒューマン,♂,剣,170,1220,830,6180,,,関智一,,イベント(信頼度),2016/06/13
1138,SR,ティア・グランツ (SR),光,バランス,ヒューマン,♀,杖,210,950,1050,4750,,,ゆかな,,イベント(コラボ),2016/06/13
1139,SR,エリーゼ・ルタス (SR),闇,特殊,ヒューマン,♀,杖,170,1050,810,5450,,,堀中優希,,イベント(トレジャー交換),2016/06/13
1140,SR,アルメイダ (SR),土,攻撃,ドラフ,♀,斧,225,1550,1100,7800,,,石上静香,斧,レジェンドガチャ,2016/06/16
1141,SR,ヨハン(ガチャver) (SR),光,回復,ヒューマン,♂,杖,280,1000,1380,5000,,,斎賀みつき,杖,レジェンドガチャ,2016/06/30
1142,SR,シロウ (SR),光,バランス,ヒューマン,♂,刀,200,1000,1000,5000,,,関智一,,イベント(信頼度),2016/06/30
1143,SR,ナーヴェ (SR),光,特殊,ヒューマン,♀,楽器,180,1000,900,5000,,,早見沙織,,その他(特典),2016/08/12
1144,SR,アウフスタ (SR),土,特殊,ドラフ,♀,楽器,180,1000,900,5000,,,前田玲奈,,その他(特典),2016/09/18
1145,SR,ロベルティナ (SR),風,特殊,ハーヴィン,♀,楽器,180,1000,900,5000,,,今村彩夏,,その他(特典),2016/10/01
1146,SR,パメラ (SR),水,特殊,ヒューマン,♀,楽器,180,1000,900,5000,,,安野希世乃,,その他(特典),2016/12/24
1147,SR,セシール (SR),火,特殊,エルーン,♀,楽器,180,1000,900,5000,,,富樫美鈴,,その他(特典),2017/01/07
1148,SR,サラ(水着ver) (SR),土,防御,ヒューマン,♀,格闘,310,1100,1510,5600,,,大亀あすか,楽器,レジェンドガチャ(期間限定),2016/07/15
1149,SR,Ｊ・Ｊ(水着ver) (SR),土,特殊,ヒューマン,♂,楽器,290,1150,1450,5750,,,木村昴,格闘,レジェンドガチャ(期間限定),2016/07/27
1150,SR,ディアンサ (SR),水,特殊,ヒューマン,♀,楽器,180,1000,900,5000,,,水瀬いのり,,その他(特典),2016/07/31
1151,SR,ジン(風属性ver) (SR),風,バランス,ヒューマン,♂,刀,180,1100,900,5500,,,安元洋貴,,イベント(信頼度),2016/07/31
1152,SR,クムユ(水着ver) (SR),水,特殊,ドラフ,♀,銃,200,1500,1000,7480,,,久野美咲,格闘,レジェンドガチャ(期間限定),2016/08/04
1153,SR,ペンギー(ガチャSRver) (SR),水,防御,ヒューマン,♀,"銃,格闘",400,750,2000,3750,,,上田麗奈,銃,レジェンドガチャ,2016/08/31
1154,SR,バロワ (SR),火,攻撃,ドラフ,♂,銃,170,1260,840,6300,,,武内駿輔,,イベント(信頼度),2016/08/31
1155,SR,ククル (SR),火,攻撃,ヒューマン,♀,銃,180,1400,940,7800,,○,洲崎綾,銃,レジェンドガチャ,2016/09/15
1156,SR,ダーント (SR),火,攻撃,ヒューマン,♂,杖,200,1500,1000,7500,,,星野貴紀,杖,レジェンドガチャ,2016/09/30
1157,SR,パリス (SR),土,防御,ヒューマン,♂,剣,240,900,1200,4500,,,杉田智和,,イベント(信頼度),2016/09/30
1158,SR,ジェシカ(土属性ver) (SR),土,特殊,ヒューマン,♀,銃,250,1330,1180,6380,,,瀬戸麻沙美,銃,レジェンドガチャ,2016/10/14
1159,SR,アナスタシア (SR),水,攻撃,ヒューマン,♀,剣,150,1180,710,4800,,○,上坂すみれ,,イベント(コラボ),2016/10/14
1160,SR,赤城みりあ (SR),火,特殊,ヒューマン,♀,杖,180,1000,700,4250,,○,黒沢ともよ,,イベント(信頼度),2016/10/14
1161,SR,神崎蘭子 (SR),闇,攻撃,ヒューマン,♀,杖,110,1050,600,5500,,○○,内田真礼,,フェイトエピソード,2016/10/14
1162,SR,ベアトリクス(ハロウィンver) (SR),火,特殊,ヒューマン,♀,剣,235,1300,1120,6580,,,平野綾,剣,レジェンドガチャ(期間限定),2016/10/24
1163,SR,エリン (SR),水,回復,不明,♀,杖,290,950,1420,4800,,,高橋李依,杖,レジェンドガチャ,2016/10/31
1164,SR,リリィ (SR),水,回復,不明,♀,杖,230,750,1140,3800,,,井口裕香,,イベント(信頼度),2016/11/01
1165,SR,ミムルメモル＆切り株 (SR),風,攻撃,ハーヴィン,♀,格闘,170,1610,850,8130,,,小林由美子,剣,レジェンドガチャ,2016/11/18
1166,SR,ターニャ (SR),闇,攻撃,ヒューマン,♀,短剣,200,1500,1000,7500,,,諏訪彩花,短剣,レジェンドガチャ,2016/11/30
1167,SR,パーシヴァル (SR),火,攻撃,ヒューマン,♂,剣,160,1200,800,6000,,,逢坂良太,,イベント(信頼度),2016/11/30
1168,SR,セン(クリスマスver) (SR),風,攻撃,エルーン,♀,格闘,160,1450,880,6850,,,広橋涼,格闘,レジェンドガチャ(期間限定),2016/12/19
1169,SR,アンチラ (SR),風,バランス,エルーン,♀,杖,160,980,880,4600,,,内田彩,,イベント(信頼度),2016/12/26
1170,SR,ルシウス(火属性ver) (SR),火,攻撃,ヒューマン,♂,剣,200,1500,1000,7500,,○,子安武人,刀,レジェンドガチャ,2016/12/31
1171,SR,ミュオン (SR),風,特殊,ヒューマン,♂,銃,160,1100,960,6600,○,,森田成一,,イベント(信頼度),2016/12/31
1172,SR,覇王丸 (SR),風,攻撃,ヒューマン,♂,刀,180,1130,900,5600,,,中村大樹,,イベント(信頼度),2017/01/13
1173,SR,ナコルル (SR),光,攻撃,ヒューマン,♀,刀,155,1230,760,6200,,,中原麻衣,,イベント(トレジャー交換),2017/01/13
1174,SR,ヘリヤ (SR),土,バランス,ヒューマン,♀,剣,210,1450,1210,6450,,○,寿美菜子,剣,レジェンドガチャ,2017/01/20
1175,SR,マイム (SR),水,バランス,ヒューマン,♀,剣,245,1275,1240,6300,,,悠木碧,剣,レジェンドガチャ,2017/01/31
1176,SR,アルベール (SR),光,バランス,ヒューマン,♂,剣,240,650,1240,3150,,,緑川光,,イベント(信頼度),2017/01/31
1177,SR,ジン(水着ver) (SR),土,回復,ヒューマン,♂,刀,300,900,1580,4050,,,安元洋貴,刀,レジェンドガチャ(期間限定),2017/02/13
1178,SR,アリサ (SR),風,バランス,不明,♀,弓,200,800,1100,4200,,,優木かな,,イベント(信頼度),2017/02/22
1179,SR,ルナ (SR),闇,特殊,ヒューマン,♀,杖,140,1200,750,5800,,,小倉唯,,イベント(トレジャー交換),2017/02/22
1180,SR,タイアー (SR),風,特殊,ヒューマン,♂,銃,210,1330,1050,6730,,○,川原慶久,銃,レジェンドガチャ,2017/02/28
1181,SR,ルリア (SR),,特殊,ヒューマン,♀,格闘,130,880,640,4400,,,東山奈央,,イベント(1話クリア),2017/03/01
1182,SR,ヴェリトール (SR),光,バランス,ハーヴィン,♂,剣,230,1320,1130,6570,,,代永翼,剣,レジェンドガチャ,2017/03/20
1183,SR,ルドミリア (SR),闇,攻撃,ハーヴィン,♀,銃,170,1650,880,7980,,○,相沢舞,銃,レジェンドガチャ,2017/03/31
1184,SR,スーテラ(イベントバージョン) (SR),火,バランス,エルーン,♀,弓,260,1180,1310,5930,,,伊藤静,,イベント(信頼度),2017/04/01
1185,SR,ラムレッダ(水属性ver) (SR),水,防御,ドラフ,♀,杖,210,1395,1040,7040,,,明坂聡美,剣,レジェンドガチャ,2017/04/18
1186,SR,デリフォード (SR),闇,防御,ヒューマン,♂,槍,240,1000,1330,4830,,,三宅健太,槍,レジェンドガチャ,2017/04/30
1187,SR,カリオストロ(イベントバージョン) (SR),闇,回復,ヒューマン,♀,杖,195,965,1005,4980,,,丹下桜,,イベント(信頼度),2017/04/30
1188,SR,プレデター (SR),闇,攻撃,ヒューマン,♀,格闘,180,573,960,2700,,○,浅川悠,格闘,レジェンドガチャ,2017/05/19
1189,SR,カイン (SR),土,特殊,ヒューマン,♂,刀,210,1350,1050,6630,,,寺島拓篤,,メインクエスト,2017/05/29
1190,SR,セワスチアン (SR),風,バランス,エルーン,♂,剣,212,1190,1100,5700,,,安原義人,斧,レジェンドガチャ,2017/05/31
1191,SR,シャルロッテ (SR)イベントバージョン,風,防御,ハーヴィン,♀,剣,210,975,1140,4425,,,名塚佳織,,イベント(信頼度),2017/05/31
1192,SR,新田美波 (SR),水,バランス,ヒューマン,♀,槍,320,1850,1050,4800,,,洲崎綾,,イベント(信頼度),2017/06/09
1193,SR,一ノ瀬志希 (SR),風,特殊,ヒューマン,♀,杖,360,1800,1100,4900,,,藍原ことみ,,イベント(トレジャー交換),2017/06/09
1194,SR,ジャンヌダルク (SR),光,特殊,ヒューマン,♀,剣,215,1320,1025,6750,,,潘めぐみ,剣,レジェンドガチャ,2017/06/19
1195,SR,ジャミル (SR)闇属性バージョン,闇,攻撃,ヒューマン,♂,短剣,186,1520,906,7700,,,島﨑信長,短剣,レジェンドガチャ,2017/06/30
1196,SR,ウェルダー (SR)イベントバージョン,土,特殊,ヒューマン,♂,短剣,205,1000,1020,5100,,,山口勝平,,イベント(信頼度),2017/06/30
1197,SR,アイル(水着ver) (SR),土,攻撃,ヒューマン,♂,格闘,195,1510,970,7650,,,小野賢章,格闘,レジェンドガチャ(期間限定),2017/07/31
1198,SR,シャルロッテ(水着ver) (SR),水,バランス,ハーヴィン,♀,剣,229,1297,1135,6510,,,名塚佳織,剣,レジェンドガチャ(期間限定),2017/07/31
1199,SR,カレン(イベントver) (SR),火,攻撃,ヒューマン,♀,剣,138,1395,690,6685,,,佐藤聡美,,イベント(信頼度),2017/07/31
1200,SR,ガンダゴウザ(水着ver) (SR),火,攻撃,ドラフ,♂,格闘,180,1600,900,8000,,,梁田清之,格闘,レジェンドガチャ,2017/08/15
1201,SR,クロエ(水着ver) (SR),風,特殊,エルーン,♀,格闘,180,1250,900,6200,,,富田美憂,格闘,レジェンドガチャ(期間限定),2017/08/15
1202,SR,炎獄先生エルモート (SR),火,バランス,エルーン,♂,杖,215,1180,1060,5950,,,柿原徹也,杖,レジェンドガチャ,2017/08/31
1203,SR,グレア (SR),火,攻撃,不明,♀,格闘,150,1300,710,6600,,,福原綾香,,イベント(信頼度),2017/08/31
1204,SR,和泉守兼定 (SR),火,攻撃,不明,♂,刀,150,1250,750,6250,,,木村良平,,イベント(信頼度),2017/09/09
1205,SR,山姥切国広 (SR),土,特殊,不明,♂,刀,160,1040,880,5200,,,前野智昭,,イベント(トレジャー交換),2017/09/09
1206,SR,オーウェン (SR),水,バランス,ヒューマン,♂,剣,260,600,1260,3100,,,羽多野渉,剣,レジェンドガチャ,2017/09/15
1207,SR,サーヤ(ガチャver) (SR),光,特殊,ドラフ,♀,銃,225,1490,1150,7310,,,小澤亜李,弓,レジェンドガチャ,2017/09/30
1208,SR,エゼクレイン(イベントver) (SR),光,特殊,ヒューマン,♂,格闘,143,1160,715,5900,,,津田健次郎,,イベント(信頼度),2017/09/30
1209,SR,ヴァンピィ (SR),闇,特殊,不明,♀,杖,185,1505,945,7630,,,釘宮理恵,格闘,レジェンドガチャ,2017/10/17
1210,SR,ミムルメモル＆パンプキン(ハロウィンver) (SR),土,攻撃,ハーヴィン,♀,"格闘,楽器",,,820,8290,,,小林由美子,格闘,レジェンドガチャ(期間限定),2017/10/23
1211,SR,カルテイラ (SR),風,特殊,エルーン,♀,格闘,276,960,1390,4650,,,野中藍,格闘,レジェンドガチャ,2017/10/31
1212,SR,ユエル(イベントver) (SR),水,バランス,エルーン,♀,"剣,刀",225,940,1180,4700,,,植田佳奈,,イベント(信頼度),2017/10/31
1213,SR,ミリン (SR),風,攻撃,ヒューマン,♀,刀,150,1700,900,7900,,,高木美佑,刀,レジェンドガチャ,2017/11/17
1214,SR,ラインハルザ (SR),火,攻撃,ドラフ,♂,格闘,170,1350,800,7007,,,松田健一郎,,メインクエスト,2017/11/28
1215,SR,ソフィア (SR),光,回復,ヒューマン,♀,杖,280,975,1600,4950,,,福原香織,杖,レジェンドガチャ,2017/11/30
1216,SR,アーサー (SR),風,バランス,ヒューマン,♂,剣,195,1050,980,5100,,,豊永利行,,イベント(信頼度),2017/11/30
1217,SR,ミカサ (SR),風,攻撃,ヒューマン,♀,"剣,刀",130,1320,810,5960,,,石川由依,,イベント(シナリオクリア),2017/12/08
1218,SR,フィーナ(クリスマスver) (SR),光,攻撃,ヒューマン,♀,弓,165,1620,840,8050,,,戸松遥,銃,レジェンドガチャ(期間限定),2017/12/15
1219,SR,マキラ (SR),土,特殊,ハーヴィン,♀,楽器,190,1290,1050,6470,,,門脇舞以,銃,イベント(クエストクリア),2017/12/28
1220,SR,カルバ (SR),火,特殊,ドラフ,♀,銃,245,1280,1210,6460,,,木村珠莉,銃,レジェンドガチャ,2017/12/31
1221,SR,ゼタ (SR),光,攻撃,ヒューマン,♀,槍,150,1300,750,6350,,,花澤香菜,,イベント(信頼度),2017/12/31
1222,SR,イッパツ (SR),火,特殊,ヒューマン,♂,格闘,220,1275,1075,6500,,,若本規夫,格闘,レジェンドガチャ,2018/01/16
1223,SR,ランドル (SR),闇,攻撃,ヒューマン,♂,格闘,166,1620,910,7950,,,羽多野渉,剣,レジェンドガチャ,2018/01/31
1224,SR,ゾーイ (SR),火,特殊,星晶獣,♀,槍,172,1040,870,5150,,,小清水亜美,,イベント(信頼度),2018/01/31
1225,SR,ナルメア(バレンタインver) (SR),闇,攻撃,ドラフ,♀,刀,214,1560,1004,8214,,,M・A・O,刀,レジェンドガチャ(期間限定),2018/02/14
1226,SR,ティナ(バレンタインver) (SR),火,バランス,ヒューマン,♀,杖,250,1250,1250,6250,,,堀江由衣,杖,レジェンドガチャ(期間限定),2018/02/14
1227,SR,ネツァワルピリ (SR),土,攻撃,ヒューマン,♂,槍,175,1605,880,8160,,,小杉十郎太,杖,レジェンドガチャ,2018/02/28
1228,SR,安室透 (SR),風,攻撃,ヒューマン,♂,格闘,186,1060,925,5300,,,古谷徹,,イベント(シナリオクリア),2018/04/14
1229,SR,バロワ(ガチャver) (SR),光,攻撃,ドラフ,♂,銃,220,1540,1080,7760,,,武内駿輔,格闘,レジェンドガチャ,2018/04/17
1230,SR,カルメリーナ (SR),土,特殊,ドラフ,♀,格闘,205,1380,1040,6880,,,福圓美里,格闘,レジェンドガチャ,2018/04/30
1231,SR,アリーザ(水属性ver) (SR),水,攻撃,ドラフ,♀,格闘,165,1260,810,6490,,,高森奈津美,,イベント(信頼度),2018/04/30
1232,SR,レオナ (SR),土,攻撃,ヒューマン,♀,槍,260,1290,1260,6550,,,山村響,,レジェンドガチャ,2018/05/21
2001,R,ライアン (R),火,攻撃,ヒューマン,♂,斧,140,1200,560,4800,,○,浅沼晋太郎,斧,レジェンドガチャ,2014/05/23
2002,R,ヘリヤ (R),土,バランス,ヒューマン,♀,剣,210,950,840,3800,,,寿美菜子,剣,レジェンドガチャ,2014/06/30
2003,R,エシオ (R),風,攻撃,ヒューマン,♂,斧,154,1225,620,4900,,,楠大典,斧,レジェンドガチャ,2014/04/16
2004,R,ガラドア (R),土,防御,ドラフ,♂,斧,250,950,1000,3800,,,廣田行生,斧,レジェンドガチャ,2014/05/08
2005,R,デリフォード (R),水,防御,ヒューマン,♂,槍,240,900,960,3600,,○○,三宅健太,槍,レジェンドガチャ,2014/09/30
2006,R,ファラ (R),土,バランス,ヒューマン,♀,剣,204,980,816,3920,,○,伊瀬茉莉也,剣,レジェンドガチャ,2014/03/10
2007,R,ボレミア (R),土,防御,ヒューマン,♀,剣,220,900,880,3600,,,嶋村侑,剣,レジェンドガチャ,2014/05/31
2008,R,アンナ (R),火,攻撃,ヒューマン,♀,杖,160,1200,640,4800,,○,いのくちゆか,杖,レジェンドガチャ,2014/03/10
2009,R,ヘイゼン (R),風,防御,ヒューマン,♂,"杖,格闘",200,800,800,3200,,,浜田賢二,格闘,レジェンドガチャ,2014/03/10
2010,R,ウィル (R),闇,特殊,ヒューマン,♂,剣,192,1050,768,4200,,○,岸尾だいすけ,杖,レジェンドガチャ,2014/04/24
2011,R,ペトラ (R),風,回復,ヒューマン,♀,杖,220,800,880,3200,,,桑島法子,杖,レジェンドガチャ,2014/06/17
2012,R,ジャスミン (R),土,回復,ヒューマン,♀,槍,210,750,840,3000,,,後藤沙緒里,杖,レジェンドガチャ,2014/03/10
2013,R,ウェルダー (R),土,バランス,ヒューマン,♂,短剣,200,1000,800,4000,,○,山口勝平,短剣,メインクエスト,2014/03/10
2014,R,リチャード (R),水,特殊,ヒューマン,♂,銃,190,1060,760,4240,,,木村良平,銃,レジェンドガチャ,2014/03/31
2015,R,ターニャ (R),闇,バランス,ヒューマン,♀,短剣,210,960,830,3840,,○,諏訪彩花,短剣,レジェンドガチャ,2014/08/31
2016,R,マリー (R),火,バランス,ヒューマン,♀,銃,200,1000,800,4000,,○,長谷川明子,銃,レジェンドガチャ,2014/03/10
2017,R,ゼヘク (R),闇,攻撃,ヒューマン,♂,短剣,164,1180,650,4720,,○,KENN,短剣,レジェンドガチャ,2014/03/10
2018,R,ロザミア (R),光,バランス,ヒューマン,♀,剣,210,950,840,3800,,○,石川由依,剣,レジェンドガチャ,2014/03/10
2019,R,スタン (R),風,攻撃,エルーン,♂,剣,160,640,640,4320,,○○,増田俊樹,剣,レジェンドガチャ,2014/04/30
2020,R,フェザー (R),光,攻撃,ヒューマン,♂,格闘,160,1150,640,4500,,○,斉藤壮馬,格闘,レジェンドガチャ,2014/06/22
2021,R,アンナ(水着ver) (R),火,攻撃,ヒューマン,♀,杖,155,1225,620,4900,,,いのくちゆか,杖,レジェンドガチャ(期間限定),2014/07/16
2022,R,ウェルダー(水着ver) (R),土,バランス,ヒューマン,♂,短剣,180,1100,720,4400,,,山口勝平,短剣,レジェンドガチャ(期間限定),2014/07/31
2023,R,マリー(水着ver) (R),火,バランス,ヒューマン,♀,銃,190,1040,770,4160,,,長谷川明子,銃,レジェンドガチャ(期間限定),2014/08/14
2024,R,ダエッタ (R),光,攻撃,ドラフ,♀,斧,175,1320,700,5280,,,小岩井ことり,斧,レジェンドガチャ,2014/09/12
2025,R,エルメラウラ (R),火,特殊,ハーヴィン,♀,斧,150,1050,580,4200,,,ニーコ,槍,レジェンドガチャ,2014/10/31
2026,R,レオノーラ (R),風,バランス,ハーヴィン,♀,短剣,180,1050,720,4200,,○,原涼子,剣,レジェンドガチャ,2014/11/14
2027,R,ガルマ (R),土,バランス,ドラフ,♂,銃,210,1150,840,4580,,○,高橋英則,銃,レジェンドガチャ,2014/11/30
2028,R,ウェルダー(クリスマスver) (R),土,バランス,ヒューマン,♂,短剣,180,1100,720,4400,,,山口勝平,杖,レジェンドガチャ(期間限定),2014/12/16
2029,R,スフラマール (R),水,回復,ハーヴィン,♀,杖,200,840,800,3360,,○○,田中真奈美,杖,レジェンドガチャ,2014/12/31
2030,R,ヨダルラーハ (R),水,バランス,ハーヴィン,♂,杖,170,1080,640,4290,,,千葉繁,剣,レジェンドガチャ,2015/01/22
2031,R,ローアイン (R),闇,攻撃,エルーン,♂,短剣,150,1080,580,4320,,○○○,白石稔,短剣,レジェンドガチャ,2015/01/31
2032,R,クムユ (R),火,特殊,ドラフ,♀,銃,170,1160,680,4620,,○,久野美咲,杖,レジェンドガチャ,2015/02/28
2033,R,ノルセル (R),土,特殊,ハーヴィン,♂,杖,170,1160,580,4350,,,佐々木日菜子,杖,レジェンドガチャ,2015/03/17
2034,R,バロワ (R),火,攻撃,ドラフ,♂,銃,170,1260,680,5040,,○,武内駿輔,銃,レジェンドガチャ,2015/03/31
2035,R,クルーニ (R),風,特殊,エルーン,♂,剣,180,900,720,3600,,,鈴木裕斗,剣,レジェンドガチャ,2015/04/16
2036,R,カルバ (R),火,バランス,ドラフ,♀,銃,210,1050,840,4200,,,木村珠莉,銃,レジェンドガチャ,2015/04/30
2037,R,ヴァンツァ (R),土,攻撃,ドラフ,♂,格闘,180,1240,720,4960,,○,奈良徹,格闘,レジェンドガチャ,2015/05/25
2038,R,イッパツ (R),火,特殊,ヒューマン,♂,格闘,175,1110,700,4440,,○,若本規夫,格闘,レジェンドガチャ,2015/05/31
2039,R,フィラソピラ (R),光,回復,ハーヴィン,♀,杖,220,800,850,3300,,,巽悠衣子,杖,レジェンドガチャ,2015/06/26
2040,R,ジョエル (R),水,バランス,ヒューマン,♂,格闘,205,975,820,3900,,○,土岐隼一,槍,レジェンドガチャ,2015/06/30
2041,R,ローアイン(水着ver) (R),闇,攻撃,エルーン,♂,短剣,150,1080,580,4320,,,白石稔,短剣,レジェンドガチャ(期間限定),2015/07/31
2042,R,カルテイラ (R),風,特殊,エルーン,♀,格闘,170,940,630,3740,,,野中藍,剣,レジェンドガチャ,2015/08/31
2043,R,ダーント (R),火,攻撃,ヒューマン,♂,杖,240,800,960,3200,,○,星野貴紀,杖,レジェンドガチャ,2015/09/22
2044,R,パヴィーダ (R),風,防御,ドラフ,♂,短剣,260,950,1010,3780,,○,西地修哉,格闘,レジェンドガチャ,2015/09/30
2045,R,エアロバイス (R),火,特殊,ヒューマン,♂,斧,150,1150,600,4600,,,田丸篤志,斧,レジェンドガチャ,2015/10/31
2046,R,クムユ(土属性ver) (R),土,特殊,ドラフ,♀,銃,140,900,690,4580,,,久野美咲,杖,レジェンドガチャ,2015/11/19
2047,R,ブリジール (R),水,特殊,ハーヴィン,♀,剣,150,1130,600,4520,,○,奥野香耶,剣,レジェンドガチャ,2015/12/02
2048,R,フレッセル (R),火,バランス,エルーン,♂,弓,170,990,680,3960,,,田村睦心,弓,レジェンドガチャ,2016/01/15
2049,R,ルナール (R),闇,特殊,ハーヴィン,♀,杖,110,920,550,4600,,○,大久保瑠美,楽器,レジェンドガチャ,2016/01/31
2050,R,ネネ (R),土,特殊,ヒューマン,♀,格闘,192,1040,770,4160,,,くじら,格闘,レジェンドガチャ,2016/02/18
2051,R,ラムレッダ (R),火,特殊,ドラフ,♀,杖,220,910,880,3640,,○,明坂聡美,短剣,レジェンドガチャ,2016/02/29
2052,R,アリステラ (R),水,特殊,ハーヴィン,♂,杖,180,1060,750,4240,,○,青山桐子,杖,レジェンドガチャ,2016/04/04
2053,R,ヴェリトール (R),光,バランス,ハーヴィン,♂,短剣,170,1125,675,4500,,,代永翼,剣,レジェンドガチャ,2016/04/20
2054,R,バルルガン (R),土,攻撃,ハーヴィン,♀,格闘,150,1250,580,5000,,,甲斐田ゆき,格闘,レジェンドガチャ,2016/05/02
2055,R,セロニム (R),風,特殊,エルーン,♂,剣,125,800,640,4000,,○,阿部敦,剣,レジェンドガチャ,2016/05/18
2056,R,ロジーヌ (R),火,回復,ヒューマン,♀,銃,225,770,900,3100,,○,京田尚子,剣,レジェンドガチャ,2016/05/31
2057,R,コワフュール (R),土,特殊,エルーン,♀,剣,150,990,580,3960,,○,加隈亜衣,剣,レジェンドガチャ,2016/06/16
2058,R,クロエ (R),風,特殊,エルーン,♀,格闘,150,990,580,3960,,○,富田美憂,格闘,レジェンドガチャ,2016/06/30
2059,R,イッパツ(水着ver) (R),火,特殊,ヒューマン,♂,格闘,175,1110,700,4440,,,若本規夫,格闘,レジェンドガチャ(期間限定),2016/07/15
